train_path,test_path
dataset/original//ECLIPSE-2007/eclipse/eclipse-2.0.csv,./dataset/data_new/ECLIPSE-2007/eclipse/diffToPreviousRelease_eclipse-2.1.csv
dataset/original//ECLIPSE-2007/eclipse/eclipse-2.1.csv,./dataset/data_new/ECLIPSE-2007/eclipse/diffToPreviousRelease_eclipse-3.0.csv
dataset/original//IND-JLMIV+R-2020/ant-ivy/ant-ivy-1.4.1.csv,./dataset/data_new/IND-JLMIV+R-2020/ant-ivy/diffToPreviousRelease_ant-ivy-2.0.0.csv
dataset/original//IND-JLMIV+R-2020/ant-ivy/ant-ivy-2.0.0.csv,./dataset/data_new/IND-JLMIV+R-2020/ant-ivy/diffToPreviousRelease_ant-ivy-2.1.0.csv
dataset/original//IND-JLMIV+R-2020/ant-ivy/ant-ivy-2.1.0.csv,./dataset/data_new/IND-JLMIV+R-2020/ant-ivy/diffToPreviousRelease_ant-ivy-2.2.0.csv
dataset/original//IND-JLMIV+R-2020/ant-ivy/ant-ivy-2.2.0.csv,./dataset/data_new/IND-JLMIV+R-2020/ant-ivy/diffToPreviousRelease_ant-ivy-2.3.0.csv
dataset/original//IND-JLMIV+R-2020/ant-ivy/ant-ivy-2.3.0.csv,./dataset/data_new/IND-JLMIV+R-2020/ant-ivy/diffToPreviousRelease_ant-ivy-2.4.0.csv
dataset/original//IND-JLMIV+R-2020/archiva/archiva-1.0.csv,./dataset/data_new/IND-JLMIV+R-2020/archiva/diffToPreviousRelease_archiva-1.1.csv
dataset/original//IND-JLMIV+R-2020/archiva/archiva-1.1.csv,./dataset/data_new/IND-JLMIV+R-2020/archiva/diffToPreviousRelease_archiva-1.2.csv
dataset/original//IND-JLMIV+R-2020/archiva/archiva-1.2.csv,./dataset/data_new/IND-JLMIV+R-2020/archiva/diffToPreviousRelease_archiva-1.3.csv
dataset/original//IND-JLMIV+R-2020/archiva/archiva-1.3.csv,./dataset/data_new/IND-JLMIV+R-2020/archiva/diffToPreviousRelease_archiva-2.0.0.csv
dataset/original//IND-JLMIV+R-2020/archiva/archiva-2.0.0.csv,./dataset/data_new/IND-JLMIV+R-2020/archiva/diffToPreviousRelease_archiva-2.1.0.csv
dataset/original//IND-JLMIV+R-2020/archiva/archiva-2.1.0.csv,./dataset/data_new/IND-JLMIV+R-2020/archiva/diffToPreviousRelease_archiva-2.2.0.csv
dataset/original//IND-JLMIV+R-2020/calcite/calcite-1.0.0.csv,./dataset/data_new/IND-JLMIV+R-2020/calcite/diffToPreviousRelease_calcite-1.1.0.csv
dataset/original//IND-JLMIV+R-2020/calcite/calcite-1.1.0.csv,./dataset/data_new/IND-JLMIV+R-2020/calcite/diffToPreviousRelease_calcite-1.10.0.csv
dataset/original//IND-JLMIV+R-2020/calcite/calcite-1.10.0.csv,./dataset/data_new/IND-JLMIV+R-2020/calcite/diffToPreviousRelease_calcite-1.11.0.csv
dataset/original//IND-JLMIV+R-2020/calcite/calcite-1.11.0.csv,./dataset/data_new/IND-JLMIV+R-2020/calcite/diffToPreviousRelease_calcite-1.12.0.csv
dataset/original//IND-JLMIV+R-2020/calcite/calcite-1.12.0.csv,./dataset/data_new/IND-JLMIV+R-2020/calcite/diffToPreviousRelease_calcite-1.13.0.csv
dataset/original//IND-JLMIV+R-2020/calcite/calcite-1.13.0.csv,./dataset/data_new/IND-JLMIV+R-2020/calcite/diffToPreviousRelease_calcite-1.14.0.csv
dataset/original//IND-JLMIV+R-2020/calcite/calcite-1.14.0.csv,./dataset/data_new/IND-JLMIV+R-2020/calcite/diffToPreviousRelease_calcite-1.15.0.csv
dataset/original//IND-JLMIV+R-2020/calcite/calcite-1.15.0.csv,./dataset/data_new/IND-JLMIV+R-2020/calcite/diffToPreviousRelease_calcite-1.2.0.csv
dataset/original//IND-JLMIV+R-2020/calcite/calcite-1.2.0.csv,./dataset/data_new/IND-JLMIV+R-2020/calcite/diffToPreviousRelease_calcite-1.3.0.csv
dataset/original//IND-JLMIV+R-2020/calcite/calcite-1.3.0.csv,./dataset/data_new/IND-JLMIV+R-2020/calcite/diffToPreviousRelease_calcite-1.4.0.csv
dataset/original//IND-JLMIV+R-2020/calcite/calcite-1.4.0.csv,./dataset/data_new/IND-JLMIV+R-2020/calcite/diffToPreviousRelease_calcite-1.5.0.csv
dataset/original//IND-JLMIV+R-2020/calcite/calcite-1.5.0.csv,./dataset/data_new/IND-JLMIV+R-2020/calcite/diffToPreviousRelease_calcite-1.6.0.csv
dataset/original//IND-JLMIV+R-2020/calcite/calcite-1.6.0.csv,./dataset/data_new/IND-JLMIV+R-2020/calcite/diffToPreviousRelease_calcite-1.7.0.csv
dataset/original//IND-JLMIV+R-2020/calcite/calcite-1.7.0.csv,./dataset/data_new/IND-JLMIV+R-2020/calcite/diffToPreviousRelease_calcite-1.8.0.csv
dataset/original//IND-JLMIV+R-2020/calcite/calcite-1.8.0.csv,./dataset/data_new/IND-JLMIV+R-2020/calcite/diffToPreviousRelease_calcite-1.9.0.csv
dataset/original//IND-JLMIV+R-2020/cayenne/cayenne-3.0.0.csv,./dataset/data_new/IND-JLMIV+R-2020/cayenne/diffToPreviousRelease_cayenne-3.1.0.csv
dataset/original//IND-JLMIV+R-2020/commons-bcel/commons-bcel-5.0.csv,./dataset/data_new/IND-JLMIV+R-2020/commons-bcel/diffToPreviousRelease_commons-bcel-5.1.csv
dataset/original//IND-JLMIV+R-2020/commons-bcel/commons-bcel-5.1.csv,./dataset/data_new/IND-JLMIV+R-2020/commons-bcel/diffToPreviousRelease_commons-bcel-5.2.csv
dataset/original//IND-JLMIV+R-2020/commons-bcel/commons-bcel-5.2.csv,./dataset/data_new/IND-JLMIV+R-2020/commons-bcel/diffToPreviousRelease_commons-bcel-6.0.csv
dataset/original//IND-JLMIV+R-2020/commons-bcel/commons-bcel-6.0.csv,./dataset/data_new/IND-JLMIV+R-2020/commons-bcel/diffToPreviousRelease_commons-bcel-6.1.csv
dataset/original//IND-JLMIV+R-2020/commons-bcel/commons-bcel-6.1.csv,./dataset/data_new/IND-JLMIV+R-2020/commons-bcel/diffToPreviousRelease_commons-bcel-6.2.csv
dataset/original//IND-JLMIV+R-2020/commons-beanutils/commons-beanutils-1.0.csv,./dataset/data_new/IND-JLMIV+R-2020/commons-beanutils/diffToPreviousRelease_commons-beanutils-1.1.csv
dataset/original//IND-JLMIV+R-2020/commons-beanutils/commons-beanutils-1.1.csv,./dataset/data_new/IND-JLMIV+R-2020/commons-beanutils/diffToPreviousRelease_commons-beanutils-1.2.csv
dataset/original//IND-JLMIV+R-2020/commons-beanutils/commons-beanutils-1.2.csv,./dataset/data_new/IND-JLMIV+R-2020/commons-beanutils/diffToPreviousRelease_commons-beanutils-1.3.csv
dataset/original//IND-JLMIV+R-2020/commons-beanutils/commons-beanutils-1.3.csv,./dataset/data_new/IND-JLMIV+R-2020/commons-beanutils/diffToPreviousRelease_commons-beanutils-1.4.csv
dataset/original//IND-JLMIV+R-2020/commons-beanutils/commons-beanutils-1.4.csv,./dataset/data_new/IND-JLMIV+R-2020/commons-beanutils/diffToPreviousRelease_commons-beanutils-1.5.csv
dataset/original//IND-JLMIV+R-2020/commons-beanutils/commons-beanutils-1.5.csv,./dataset/data_new/IND-JLMIV+R-2020/commons-beanutils/diffToPreviousRelease_commons-beanutils-1.6.csv
dataset/original//IND-JLMIV+R-2020/commons-beanutils/commons-beanutils-1.6.csv,./dataset/data_new/IND-JLMIV+R-2020/commons-beanutils/diffToPreviousRelease_commons-beanutils-1.7.0.csv
dataset/original//IND-JLMIV+R-2020/commons-beanutils/commons-beanutils-1.7.0.csv,./dataset/data_new/IND-JLMIV+R-2020/commons-beanutils/diffToPreviousRelease_commons-beanutils-1.8.0.csv
dataset/original//IND-JLMIV+R-2020/commons-beanutils/commons-beanutils-1.8.0.csv,./dataset/data_new/IND-JLMIV+R-2020/commons-beanutils/diffToPreviousRelease_commons-beanutils-1.9.0.csv
dataset/original//IND-JLMIV+R-2020/commons-codec/commons-codec-1.1.csv,./dataset/data_new/IND-JLMIV+R-2020/commons-codec/diffToPreviousRelease_commons-codec-1.10.csv
dataset/original//IND-JLMIV+R-2020/commons-codec/commons-codec-1.10.csv,./dataset/data_new/IND-JLMIV+R-2020/commons-codec/diffToPreviousRelease_commons-codec-1.11.csv
dataset/original//IND-JLMIV+R-2020/commons-codec/commons-codec-1.11.csv,./dataset/data_new/IND-JLMIV+R-2020/commons-codec/diffToPreviousRelease_commons-codec-1.2.csv
dataset/original//IND-JLMIV+R-2020/commons-codec/commons-codec-1.2.csv,./dataset/data_new/IND-JLMIV+R-2020/commons-codec/diffToPreviousRelease_commons-codec-1.3.csv
dataset/original//IND-JLMIV+R-2020/commons-codec/commons-codec-1.3.csv,./dataset/data_new/IND-JLMIV+R-2020/commons-codec/diffToPreviousRelease_commons-codec-1.4.csv
dataset/original//IND-JLMIV+R-2020/commons-codec/commons-codec-1.4.csv,./dataset/data_new/IND-JLMIV+R-2020/commons-codec/diffToPreviousRelease_commons-codec-1.5.csv
dataset/original//IND-JLMIV+R-2020/commons-codec/commons-codec-1.5.csv,./dataset/data_new/IND-JLMIV+R-2020/commons-codec/diffToPreviousRelease_commons-codec-1.6.csv
dataset/original//IND-JLMIV+R-2020/commons-codec/commons-codec-1.6.csv,./dataset/data_new/IND-JLMIV+R-2020/commons-codec/diffToPreviousRelease_commons-codec-1.7.csv
dataset/original//IND-JLMIV+R-2020/commons-codec/commons-codec-1.7.csv,./dataset/data_new/IND-JLMIV+R-2020/commons-codec/diffToPreviousRelease_commons-codec-1.8.csv
dataset/original//IND-JLMIV+R-2020/commons-codec/commons-codec-1.8.csv,./dataset/data_new/IND-JLMIV+R-2020/commons-codec/diffToPreviousRelease_commons-codec-1.9.csv
dataset/original//IND-JLMIV+R-2020/commons-collections/commons-collections-1.0.csv,./dataset/data_new/IND-JLMIV+R-2020/commons-collections/diffToPreviousRelease_commons-collections-2.0.csv
dataset/original//IND-JLMIV+R-2020/commons-collections/commons-collections-2.0.csv,./dataset/data_new/IND-JLMIV+R-2020/commons-collections/diffToPreviousRelease_commons-collections-2.1.csv
dataset/original//IND-JLMIV+R-2020/commons-collections/commons-collections-2.1.csv,./dataset/data_new/IND-JLMIV+R-2020/commons-collections/diffToPreviousRelease_commons-collections-3.0.csv
dataset/original//IND-JLMIV+R-2020/commons-collections/commons-collections-3.0.csv,./dataset/data_new/IND-JLMIV+R-2020/commons-collections/diffToPreviousRelease_commons-collections-3.1.csv
dataset/original//IND-JLMIV+R-2020/commons-collections/commons-collections-3.1.csv,./dataset/data_new/IND-JLMIV+R-2020/commons-collections/diffToPreviousRelease_commons-collections-3.2.csv
dataset/original//IND-JLMIV+R-2020/commons-collections/commons-collections-3.2.csv,./dataset/data_new/IND-JLMIV+R-2020/commons-collections/diffToPreviousRelease_commons-collections-3.3.csv
dataset/original//IND-JLMIV+R-2020/commons-collections/commons-collections-3.3.csv,./dataset/data_new/IND-JLMIV+R-2020/commons-collections/diffToPreviousRelease_commons-collections-4.0.csv
dataset/original//IND-JLMIV+R-2020/commons-collections/commons-collections-4.0.csv,./dataset/data_new/IND-JLMIV+R-2020/commons-collections/diffToPreviousRelease_commons-collections-4.1.csv
dataset/original//IND-JLMIV+R-2020/commons-compress/commons-compress-1.0.csv,./dataset/data_new/IND-JLMIV+R-2020/commons-compress/diffToPreviousRelease_commons-compress-1.1.csv
dataset/original//IND-JLMIV+R-2020/commons-compress/commons-compress-1.1.csv,./dataset/data_new/IND-JLMIV+R-2020/commons-compress/diffToPreviousRelease_commons-compress-1.10.csv
dataset/original//IND-JLMIV+R-2020/commons-compress/commons-compress-1.10.csv,./dataset/data_new/IND-JLMIV+R-2020/commons-compress/diffToPreviousRelease_commons-compress-1.11.csv
dataset/original//IND-JLMIV+R-2020/commons-compress/commons-compress-1.11.csv,./dataset/data_new/IND-JLMIV+R-2020/commons-compress/diffToPreviousRelease_commons-compress-1.12.csv
dataset/original//IND-JLMIV+R-2020/commons-compress/commons-compress-1.12.csv,./dataset/data_new/IND-JLMIV+R-2020/commons-compress/diffToPreviousRelease_commons-compress-1.13.csv
dataset/original//IND-JLMIV+R-2020/commons-compress/commons-compress-1.13.csv,./dataset/data_new/IND-JLMIV+R-2020/commons-compress/diffToPreviousRelease_commons-compress-1.14.csv
dataset/original//IND-JLMIV+R-2020/commons-compress/commons-compress-1.14.csv,./dataset/data_new/IND-JLMIV+R-2020/commons-compress/diffToPreviousRelease_commons-compress-1.15.csv
dataset/original//IND-JLMIV+R-2020/commons-compress/commons-compress-1.15.csv,./dataset/data_new/IND-JLMIV+R-2020/commons-compress/diffToPreviousRelease_commons-compress-1.16.csv
dataset/original//IND-JLMIV+R-2020/commons-compress/commons-compress-1.16.csv,./dataset/data_new/IND-JLMIV+R-2020/commons-compress/diffToPreviousRelease_commons-compress-1.2.csv
dataset/original//IND-JLMIV+R-2020/commons-compress/commons-compress-1.2.csv,./dataset/data_new/IND-JLMIV+R-2020/commons-compress/diffToPreviousRelease_commons-compress-1.3.csv
dataset/original//IND-JLMIV+R-2020/commons-compress/commons-compress-1.3.csv,./dataset/data_new/IND-JLMIV+R-2020/commons-compress/diffToPreviousRelease_commons-compress-1.4.csv
dataset/original//IND-JLMIV+R-2020/commons-compress/commons-compress-1.4.csv,./dataset/data_new/IND-JLMIV+R-2020/commons-compress/diffToPreviousRelease_commons-compress-1.5.csv
dataset/original//IND-JLMIV+R-2020/commons-compress/commons-compress-1.5.csv,./dataset/data_new/IND-JLMIV+R-2020/commons-compress/diffToPreviousRelease_commons-compress-1.6.csv
dataset/original//IND-JLMIV+R-2020/commons-compress/commons-compress-1.6.csv,./dataset/data_new/IND-JLMIV+R-2020/commons-compress/diffToPreviousRelease_commons-compress-1.7.csv
dataset/original//IND-JLMIV+R-2020/commons-compress/commons-compress-1.7.csv,./dataset/data_new/IND-JLMIV+R-2020/commons-compress/diffToPreviousRelease_commons-compress-1.8.csv
dataset/original//IND-JLMIV+R-2020/commons-compress/commons-compress-1.8.csv,./dataset/data_new/IND-JLMIV+R-2020/commons-compress/diffToPreviousRelease_commons-compress-1.9.csv
dataset/original//IND-JLMIV+R-2020/commons-configuration/commons-configuration-1.0.csv,./dataset/data_new/IND-JLMIV+R-2020/commons-configuration/diffToPreviousRelease_commons-configuration-1.1.csv
dataset/original//IND-JLMIV+R-2020/commons-configuration/commons-configuration-1.1.csv,./dataset/data_new/IND-JLMIV+R-2020/commons-configuration/diffToPreviousRelease_commons-configuration-1.10.csv
dataset/original//IND-JLMIV+R-2020/commons-configuration/commons-configuration-1.10.csv,./dataset/data_new/IND-JLMIV+R-2020/commons-configuration/diffToPreviousRelease_commons-configuration-1.2.csv
dataset/original//IND-JLMIV+R-2020/commons-configuration/commons-configuration-1.2.csv,./dataset/data_new/IND-JLMIV+R-2020/commons-configuration/diffToPreviousRelease_commons-configuration-1.3.csv
dataset/original//IND-JLMIV+R-2020/commons-configuration/commons-configuration-1.3.csv,./dataset/data_new/IND-JLMIV+R-2020/commons-configuration/diffToPreviousRelease_commons-configuration-1.4.csv
dataset/original//IND-JLMIV+R-2020/commons-configuration/commons-configuration-1.4.csv,./dataset/data_new/IND-JLMIV+R-2020/commons-configuration/diffToPreviousRelease_commons-configuration-1.5.csv
dataset/original//IND-JLMIV+R-2020/commons-configuration/commons-configuration-1.5.csv,./dataset/data_new/IND-JLMIV+R-2020/commons-configuration/diffToPreviousRelease_commons-configuration-1.6.csv
dataset/original//IND-JLMIV+R-2020/commons-configuration/commons-configuration-1.6.csv,./dataset/data_new/IND-JLMIV+R-2020/commons-configuration/diffToPreviousRelease_commons-configuration-1.7.csv
dataset/original//IND-JLMIV+R-2020/commons-configuration/commons-configuration-1.7.csv,./dataset/data_new/IND-JLMIV+R-2020/commons-configuration/diffToPreviousRelease_commons-configuration-1.8.csv
dataset/original//IND-JLMIV+R-2020/commons-configuration/commons-configuration-1.8.csv,./dataset/data_new/IND-JLMIV+R-2020/commons-configuration/diffToPreviousRelease_commons-configuration-1.9.csv
dataset/original//IND-JLMIV+R-2020/commons-configuration/commons-configuration-1.9.csv,./dataset/data_new/IND-JLMIV+R-2020/commons-configuration/diffToPreviousRelease_commons-configuration-2.0.csv
dataset/original//IND-JLMIV+R-2020/commons-configuration/commons-configuration-2.0.csv,./dataset/data_new/IND-JLMIV+R-2020/commons-configuration/diffToPreviousRelease_commons-configuration-2.1.csv
dataset/original//IND-JLMIV+R-2020/commons-configuration/commons-configuration-2.1.csv,./dataset/data_new/IND-JLMIV+R-2020/commons-configuration/diffToPreviousRelease_commons-configuration-2.2.csv
dataset/original//IND-JLMIV+R-2020/commons-dbcp/commons-dbcp-1.0.csv,./dataset/data_new/IND-JLMIV+R-2020/commons-dbcp/diffToPreviousRelease_commons-dbcp-1.1.csv
dataset/original//IND-JLMIV+R-2020/commons-dbcp/commons-dbcp-1.1.csv,./dataset/data_new/IND-JLMIV+R-2020/commons-dbcp/diffToPreviousRelease_commons-dbcp-1.2.csv
dataset/original//IND-JLMIV+R-2020/commons-dbcp/commons-dbcp-1.2.csv,./dataset/data_new/IND-JLMIV+R-2020/commons-dbcp/diffToPreviousRelease_commons-dbcp-1.3.csv
dataset/original//IND-JLMIV+R-2020/commons-dbcp/commons-dbcp-1.3.csv,./dataset/data_new/IND-JLMIV+R-2020/commons-dbcp/diffToPreviousRelease_commons-dbcp-1.4.csv
dataset/original//IND-JLMIV+R-2020/commons-dbcp/commons-dbcp-1.4.csv,./dataset/data_new/IND-JLMIV+R-2020/commons-dbcp/diffToPreviousRelease_commons-dbcp-2.0.csv
dataset/original//IND-JLMIV+R-2020/commons-dbcp/commons-dbcp-2.0.csv,./dataset/data_new/IND-JLMIV+R-2020/commons-dbcp/diffToPreviousRelease_commons-dbcp-2.1.csv
dataset/original//IND-JLMIV+R-2020/commons-dbcp/commons-dbcp-2.1.csv,./dataset/data_new/IND-JLMIV+R-2020/commons-dbcp/diffToPreviousRelease_commons-dbcp-2.2.0.csv
dataset/original//IND-JLMIV+R-2020/commons-dbcp/commons-dbcp-2.2.0.csv,./dataset/data_new/IND-JLMIV+R-2020/commons-dbcp/diffToPreviousRelease_commons-dbcp-2.3.0.csv
dataset/original//IND-JLMIV+R-2020/commons-dbcp/commons-dbcp-2.3.0.csv,./dataset/data_new/IND-JLMIV+R-2020/commons-dbcp/diffToPreviousRelease_commons-dbcp-2.4.0.csv
dataset/original//IND-JLMIV+R-2020/commons-dbcp/commons-dbcp-2.4.0.csv,./dataset/data_new/IND-JLMIV+R-2020/commons-dbcp/diffToPreviousRelease_commons-dbcp-2.5.0.csv
dataset/original//IND-JLMIV+R-2020/commons-digester/commons-digester-1.0.csv,./dataset/data_new/IND-JLMIV+R-2020/commons-digester/diffToPreviousRelease_commons-digester-1.1.csv
dataset/original//IND-JLMIV+R-2020/commons-digester/commons-digester-1.1.csv,./dataset/data_new/IND-JLMIV+R-2020/commons-digester/diffToPreviousRelease_commons-digester-1.2.csv
dataset/original//IND-JLMIV+R-2020/commons-digester/commons-digester-1.2.csv,./dataset/data_new/IND-JLMIV+R-2020/commons-digester/diffToPreviousRelease_commons-digester-1.3.csv
dataset/original//IND-JLMIV+R-2020/commons-digester/commons-digester-1.3.csv,./dataset/data_new/IND-JLMIV+R-2020/commons-digester/diffToPreviousRelease_commons-digester-1.4.csv
dataset/original//IND-JLMIV+R-2020/commons-digester/commons-digester-1.4.csv,./dataset/data_new/IND-JLMIV+R-2020/commons-digester/diffToPreviousRelease_commons-digester-1.5.csv
dataset/original//IND-JLMIV+R-2020/commons-digester/commons-digester-1.5.csv,./dataset/data_new/IND-JLMIV+R-2020/commons-digester/diffToPreviousRelease_commons-digester-1.6.csv
dataset/original//IND-JLMIV+R-2020/commons-digester/commons-digester-1.6.csv,./dataset/data_new/IND-JLMIV+R-2020/commons-digester/diffToPreviousRelease_commons-digester-1.7.csv
dataset/original//IND-JLMIV+R-2020/commons-digester/commons-digester-1.7.csv,./dataset/data_new/IND-JLMIV+R-2020/commons-digester/diffToPreviousRelease_commons-digester-1.8.csv
dataset/original//IND-JLMIV+R-2020/commons-digester/commons-digester-1.8.csv,./dataset/data_new/IND-JLMIV+R-2020/commons-digester/diffToPreviousRelease_commons-digester-2.0.csv
dataset/original//IND-JLMIV+R-2020/commons-digester/commons-digester-2.0.csv,./dataset/data_new/IND-JLMIV+R-2020/commons-digester/diffToPreviousRelease_commons-digester-2.1.csv
dataset/original//IND-JLMIV+R-2020/commons-digester/commons-digester-2.1.csv,./dataset/data_new/IND-JLMIV+R-2020/commons-digester/diffToPreviousRelease_commons-digester-3.0.csv
dataset/original//IND-JLMIV+R-2020/commons-digester/commons-digester-3.0.csv,./dataset/data_new/IND-JLMIV+R-2020/commons-digester/diffToPreviousRelease_commons-digester-3.1.csv
dataset/original//IND-JLMIV+R-2020/commons-digester/commons-digester-3.1.csv,./dataset/data_new/IND-JLMIV+R-2020/commons-digester/diffToPreviousRelease_commons-digester-3.2.csv
dataset/original//IND-JLMIV+R-2020/commons-io/commons-io-1.0.csv,./dataset/data_new/IND-JLMIV+R-2020/commons-io/diffToPreviousRelease_commons-io-1.1.csv
dataset/original//IND-JLMIV+R-2020/commons-io/commons-io-1.1.csv,./dataset/data_new/IND-JLMIV+R-2020/commons-io/diffToPreviousRelease_commons-io-1.2.csv
dataset/original//IND-JLMIV+R-2020/commons-io/commons-io-1.2.csv,./dataset/data_new/IND-JLMIV+R-2020/commons-io/diffToPreviousRelease_commons-io-1.3.csv
dataset/original//IND-JLMIV+R-2020/commons-io/commons-io-1.3.csv,./dataset/data_new/IND-JLMIV+R-2020/commons-io/diffToPreviousRelease_commons-io-1.4.csv
dataset/original//IND-JLMIV+R-2020/commons-io/commons-io-1.4.csv,./dataset/data_new/IND-JLMIV+R-2020/commons-io/diffToPreviousRelease_commons-io-2.0.csv
dataset/original//IND-JLMIV+R-2020/commons-io/commons-io-2.0.csv,./dataset/data_new/IND-JLMIV+R-2020/commons-io/diffToPreviousRelease_commons-io-2.1.csv
dataset/original//IND-JLMIV+R-2020/commons-io/commons-io-2.1.csv,./dataset/data_new/IND-JLMIV+R-2020/commons-io/diffToPreviousRelease_commons-io-2.2.csv
dataset/original//IND-JLMIV+R-2020/commons-io/commons-io-2.2.csv,./dataset/data_new/IND-JLMIV+R-2020/commons-io/diffToPreviousRelease_commons-io-2.3.csv
dataset/original//IND-JLMIV+R-2020/commons-io/commons-io-2.3.csv,./dataset/data_new/IND-JLMIV+R-2020/commons-io/diffToPreviousRelease_commons-io-2.4.csv
dataset/original//IND-JLMIV+R-2020/commons-io/commons-io-2.4.csv,./dataset/data_new/IND-JLMIV+R-2020/commons-io/diffToPreviousRelease_commons-io-2.5.csv
dataset/original//IND-JLMIV+R-2020/commons-jcs/commons-jcs-1.0.csv,./dataset/data_new/IND-JLMIV+R-2020/commons-jcs/diffToPreviousRelease_commons-jcs-1.1.csv
dataset/original//IND-JLMIV+R-2020/commons-jcs/commons-jcs-1.1.csv,./dataset/data_new/IND-JLMIV+R-2020/commons-jcs/diffToPreviousRelease_commons-jcs-1.3.csv
dataset/original//IND-JLMIV+R-2020/commons-jcs/commons-jcs-1.3.csv,./dataset/data_new/IND-JLMIV+R-2020/commons-jcs/diffToPreviousRelease_commons-jcs-2.0.csv
dataset/original//IND-JLMIV+R-2020/commons-jcs/commons-jcs-2.0.csv,./dataset/data_new/IND-JLMIV+R-2020/commons-jcs/diffToPreviousRelease_commons-jcs-2.1.csv
dataset/original//IND-JLMIV+R-2020/commons-jcs/commons-jcs-2.1.csv,./dataset/data_new/IND-JLMIV+R-2020/commons-jcs/diffToPreviousRelease_commons-jcs-2.2.csv
dataset/original//IND-JLMIV+R-2020/commons-jexl/commons-jexl-1.0.csv,./dataset/data_new/IND-JLMIV+R-2020/commons-jexl/diffToPreviousRelease_commons-jexl-1.1.csv
dataset/original//IND-JLMIV+R-2020/commons-jexl/commons-jexl-1.1.csv,./dataset/data_new/IND-JLMIV+R-2020/commons-jexl/diffToPreviousRelease_commons-jexl-2.0.csv
dataset/original//IND-JLMIV+R-2020/commons-jexl/commons-jexl-2.0.csv,./dataset/data_new/IND-JLMIV+R-2020/commons-jexl/diffToPreviousRelease_commons-jexl-2.1.csv
dataset/original//IND-JLMIV+R-2020/commons-jexl/commons-jexl-2.1.csv,./dataset/data_new/IND-JLMIV+R-2020/commons-jexl/diffToPreviousRelease_commons-jexl-3.0.csv
dataset/original//IND-JLMIV+R-2020/commons-jexl/commons-jexl-3.0.csv,./dataset/data_new/IND-JLMIV+R-2020/commons-jexl/diffToPreviousRelease_commons-jexl-3.1.csv
dataset/original//IND-JLMIV+R-2020/commons-lang/commons-lang-1.0.csv,./dataset/data_new/IND-JLMIV+R-2020/commons-lang/diffToPreviousRelease_commons-lang-2.0.csv
dataset/original//IND-JLMIV+R-2020/commons-lang/commons-lang-2.0.csv,./dataset/data_new/IND-JLMIV+R-2020/commons-lang/diffToPreviousRelease_commons-lang-2.1.csv
dataset/original//IND-JLMIV+R-2020/commons-lang/commons-lang-2.1.csv,./dataset/data_new/IND-JLMIV+R-2020/commons-lang/diffToPreviousRelease_commons-lang-2.2.csv
dataset/original//IND-JLMIV+R-2020/commons-lang/commons-lang-2.2.csv,./dataset/data_new/IND-JLMIV+R-2020/commons-lang/diffToPreviousRelease_commons-lang-2.3.csv
dataset/original//IND-JLMIV+R-2020/commons-lang/commons-lang-2.3.csv,./dataset/data_new/IND-JLMIV+R-2020/commons-lang/diffToPreviousRelease_commons-lang-2.4.csv
dataset/original//IND-JLMIV+R-2020/commons-lang/commons-lang-2.4.csv,./dataset/data_new/IND-JLMIV+R-2020/commons-lang/diffToPreviousRelease_commons-lang-2.5.csv
dataset/original//IND-JLMIV+R-2020/commons-lang/commons-lang-2.5.csv,./dataset/data_new/IND-JLMIV+R-2020/commons-lang/diffToPreviousRelease_commons-lang-2.6.csv
dataset/original//IND-JLMIV+R-2020/commons-lang/commons-lang-2.6.csv,./dataset/data_new/IND-JLMIV+R-2020/commons-lang/diffToPreviousRelease_commons-lang-3.0.csv
dataset/original//IND-JLMIV+R-2020/commons-lang/commons-lang-3.0.csv,./dataset/data_new/IND-JLMIV+R-2020/commons-lang/diffToPreviousRelease_commons-lang-3.1.csv
dataset/original//IND-JLMIV+R-2020/commons-lang/commons-lang-3.1.csv,./dataset/data_new/IND-JLMIV+R-2020/commons-lang/diffToPreviousRelease_commons-lang-3.2.csv
dataset/original//IND-JLMIV+R-2020/commons-lang/commons-lang-3.2.csv,./dataset/data_new/IND-JLMIV+R-2020/commons-lang/diffToPreviousRelease_commons-lang-3.3.csv
dataset/original//IND-JLMIV+R-2020/commons-lang/commons-lang-3.3.csv,./dataset/data_new/IND-JLMIV+R-2020/commons-lang/diffToPreviousRelease_commons-lang-3.4.csv
dataset/original//IND-JLMIV+R-2020/commons-lang/commons-lang-3.4.csv,./dataset/data_new/IND-JLMIV+R-2020/commons-lang/diffToPreviousRelease_commons-lang-3.5.csv
dataset/original//IND-JLMIV+R-2020/commons-lang/commons-lang-3.5.csv,./dataset/data_new/IND-JLMIV+R-2020/commons-lang/diffToPreviousRelease_commons-lang-3.6.csv
dataset/original//IND-JLMIV+R-2020/commons-lang/commons-lang-3.6.csv,./dataset/data_new/IND-JLMIV+R-2020/commons-lang/diffToPreviousRelease_commons-lang-3.7.csv
dataset/original//IND-JLMIV+R-2020/commons-math/commons-math-1.0.csv,./dataset/data_new/IND-JLMIV+R-2020/commons-math/diffToPreviousRelease_commons-math-1.1.csv
dataset/original//IND-JLMIV+R-2020/commons-math/commons-math-1.1.csv,./dataset/data_new/IND-JLMIV+R-2020/commons-math/diffToPreviousRelease_commons-math-1.2.csv
dataset/original//IND-JLMIV+R-2020/commons-math/commons-math-1.2.csv,./dataset/data_new/IND-JLMIV+R-2020/commons-math/diffToPreviousRelease_commons-math-2.0.csv
dataset/original//IND-JLMIV+R-2020/commons-math/commons-math-2.0.csv,./dataset/data_new/IND-JLMIV+R-2020/commons-math/diffToPreviousRelease_commons-math-2.1.csv
dataset/original//IND-JLMIV+R-2020/commons-math/commons-math-2.1.csv,./dataset/data_new/IND-JLMIV+R-2020/commons-math/diffToPreviousRelease_commons-math-2.2.csv
dataset/original//IND-JLMIV+R-2020/commons-math/commons-math-2.2.csv,./dataset/data_new/IND-JLMIV+R-2020/commons-math/diffToPreviousRelease_commons-math-3.0.csv
dataset/original//IND-JLMIV+R-2020/commons-math/commons-math-3.0.csv,./dataset/data_new/IND-JLMIV+R-2020/commons-math/diffToPreviousRelease_commons-math-3.1.csv
dataset/original//IND-JLMIV+R-2020/commons-math/commons-math-3.1.csv,./dataset/data_new/IND-JLMIV+R-2020/commons-math/diffToPreviousRelease_commons-math-3.2.csv
dataset/original//IND-JLMIV+R-2020/commons-math/commons-math-3.2.csv,./dataset/data_new/IND-JLMIV+R-2020/commons-math/diffToPreviousRelease_commons-math-3.3.csv
dataset/original//IND-JLMIV+R-2020/commons-math/commons-math-3.3.csv,./dataset/data_new/IND-JLMIV+R-2020/commons-math/diffToPreviousRelease_commons-math-3.4.csv
dataset/original//IND-JLMIV+R-2020/commons-math/commons-math-3.4.csv,./dataset/data_new/IND-JLMIV+R-2020/commons-math/diffToPreviousRelease_commons-math-3.5.csv
dataset/original//IND-JLMIV+R-2020/commons-math/commons-math-3.5.csv,./dataset/data_new/IND-JLMIV+R-2020/commons-math/diffToPreviousRelease_commons-math-3.6.csv
dataset/original//IND-JLMIV+R-2020/commons-net/commons-net-1.0.csv,./dataset/data_new/IND-JLMIV+R-2020/commons-net/diffToPreviousRelease_commons-net-1.1.csv
dataset/original//IND-JLMIV+R-2020/commons-net/commons-net-1.1.csv,./dataset/data_new/IND-JLMIV+R-2020/commons-net/diffToPreviousRelease_commons-net-1.2.csv
dataset/original//IND-JLMIV+R-2020/commons-net/commons-net-1.2.csv,./dataset/data_new/IND-JLMIV+R-2020/commons-net/diffToPreviousRelease_commons-net-1.3.csv
dataset/original//IND-JLMIV+R-2020/commons-net/commons-net-1.3.csv,./dataset/data_new/IND-JLMIV+R-2020/commons-net/diffToPreviousRelease_commons-net-1.4.csv
dataset/original//IND-JLMIV+R-2020/commons-net/commons-net-1.4.csv,./dataset/data_new/IND-JLMIV+R-2020/commons-net/diffToPreviousRelease_commons-net-2.0.csv
dataset/original//IND-JLMIV+R-2020/commons-net/commons-net-2.0.csv,./dataset/data_new/IND-JLMIV+R-2020/commons-net/diffToPreviousRelease_commons-net-2.1.csv
dataset/original//IND-JLMIV+R-2020/commons-net/commons-net-2.1.csv,./dataset/data_new/IND-JLMIV+R-2020/commons-net/diffToPreviousRelease_commons-net-2.2.csv
dataset/original//IND-JLMIV+R-2020/commons-net/commons-net-2.2.csv,./dataset/data_new/IND-JLMIV+R-2020/commons-net/diffToPreviousRelease_commons-net-3.0.csv
dataset/original//IND-JLMIV+R-2020/commons-net/commons-net-3.0.csv,./dataset/data_new/IND-JLMIV+R-2020/commons-net/diffToPreviousRelease_commons-net-3.1.csv
dataset/original//IND-JLMIV+R-2020/commons-net/commons-net-3.1.csv,./dataset/data_new/IND-JLMIV+R-2020/commons-net/diffToPreviousRelease_commons-net-3.2.csv
dataset/original//IND-JLMIV+R-2020/commons-net/commons-net-3.2.csv,./dataset/data_new/IND-JLMIV+R-2020/commons-net/diffToPreviousRelease_commons-net-3.3.csv
dataset/original//IND-JLMIV+R-2020/commons-net/commons-net-3.3.csv,./dataset/data_new/IND-JLMIV+R-2020/commons-net/diffToPreviousRelease_commons-net-3.4.csv
dataset/original//IND-JLMIV+R-2020/commons-net/commons-net-3.4.csv,./dataset/data_new/IND-JLMIV+R-2020/commons-net/diffToPreviousRelease_commons-net-3.5.csv
dataset/original//IND-JLMIV+R-2020/commons-net/commons-net-3.5.csv,./dataset/data_new/IND-JLMIV+R-2020/commons-net/diffToPreviousRelease_commons-net-3.6.csv
dataset/original//IND-JLMIV+R-2020/commons-scxml/commons-scxml-0.5.csv,./dataset/data_new/IND-JLMIV+R-2020/commons-scxml/diffToPreviousRelease_commons-scxml-0.6.csv
dataset/original//IND-JLMIV+R-2020/commons-scxml/commons-scxml-0.6.csv,./dataset/data_new/IND-JLMIV+R-2020/commons-scxml/diffToPreviousRelease_commons-scxml-0.7.csv
dataset/original//IND-JLMIV+R-2020/commons-scxml/commons-scxml-0.7.csv,./dataset/data_new/IND-JLMIV+R-2020/commons-scxml/diffToPreviousRelease_commons-scxml-0.8.csv
dataset/original//IND-JLMIV+R-2020/commons-scxml/commons-scxml-0.8.csv,./dataset/data_new/IND-JLMIV+R-2020/commons-scxml/diffToPreviousRelease_commons-scxml-0.9.csv
dataset/original//IND-JLMIV+R-2020/commons-validator/commons-validator-1.0.csv,./dataset/data_new/IND-JLMIV+R-2020/commons-validator/diffToPreviousRelease_commons-validator-1.1.0.csv
dataset/original//IND-JLMIV+R-2020/commons-validator/commons-validator-1.1.0.csv,./dataset/data_new/IND-JLMIV+R-2020/commons-validator/diffToPreviousRelease_commons-validator-1.2.0.csv
dataset/original//IND-JLMIV+R-2020/commons-validator/commons-validator-1.2.0.csv,./dataset/data_new/IND-JLMIV+R-2020/commons-validator/diffToPreviousRelease_commons-validator-1.3.0.csv
dataset/original//IND-JLMIV+R-2020/commons-validator/commons-validator-1.3.0.csv,./dataset/data_new/IND-JLMIV+R-2020/commons-validator/diffToPreviousRelease_commons-validator-1.4.0.csv
dataset/original//IND-JLMIV+R-2020/commons-validator/commons-validator-1.4.0.csv,./dataset/data_new/IND-JLMIV+R-2020/commons-validator/diffToPreviousRelease_commons-validator-1.5.0.csv
dataset/original//IND-JLMIV+R-2020/commons-validator/commons-validator-1.5.0.csv,./dataset/data_new/IND-JLMIV+R-2020/commons-validator/diffToPreviousRelease_commons-validator-1.6.0.csv
dataset/original//IND-JLMIV+R-2020/commons-vfs/commons-vfs-1.0.csv,./dataset/data_new/IND-JLMIV+R-2020/commons-vfs/diffToPreviousRelease_commons-vfs-2.0.csv
dataset/original//IND-JLMIV+R-2020/commons-vfs/commons-vfs-2.0.csv,./dataset/data_new/IND-JLMIV+R-2020/commons-vfs/diffToPreviousRelease_commons-vfs-2.1.csv
dataset/original//IND-JLMIV+R-2020/commons-vfs/commons-vfs-2.1.csv,./dataset/data_new/IND-JLMIV+R-2020/commons-vfs/diffToPreviousRelease_commons-vfs-2.2.csv
dataset/original//IND-JLMIV+R-2020/deltaspike/deltaspike-0.1.csv,./dataset/data_new/IND-JLMIV+R-2020/deltaspike/diffToPreviousRelease_deltaspike-0.2.csv
dataset/original//IND-JLMIV+R-2020/deltaspike/deltaspike-0.2.csv,./dataset/data_new/IND-JLMIV+R-2020/deltaspike/diffToPreviousRelease_deltaspike-0.3.csv
dataset/original//IND-JLMIV+R-2020/deltaspike/deltaspike-0.3.csv,./dataset/data_new/IND-JLMIV+R-2020/deltaspike/diffToPreviousRelease_deltaspike-0.4.csv
dataset/original//IND-JLMIV+R-2020/deltaspike/deltaspike-0.4.csv,./dataset/data_new/IND-JLMIV+R-2020/deltaspike/diffToPreviousRelease_deltaspike-0.5.csv
dataset/original//IND-JLMIV+R-2020/deltaspike/deltaspike-0.5.csv,./dataset/data_new/IND-JLMIV+R-2020/deltaspike/diffToPreviousRelease_deltaspike-0.6.csv
dataset/original//IND-JLMIV+R-2020/deltaspike/deltaspike-0.6.csv,./dataset/data_new/IND-JLMIV+R-2020/deltaspike/diffToPreviousRelease_deltaspike-0.7.csv
dataset/original//IND-JLMIV+R-2020/deltaspike/deltaspike-0.7.csv,./dataset/data_new/IND-JLMIV+R-2020/deltaspike/diffToPreviousRelease_deltaspike-1.0.0.csv
dataset/original//IND-JLMIV+R-2020/deltaspike/deltaspike-1.0.0.csv,./dataset/data_new/IND-JLMIV+R-2020/deltaspike/diffToPreviousRelease_deltaspike-1.1.0.csv
dataset/original//IND-JLMIV+R-2020/deltaspike/deltaspike-1.1.0.csv,./dataset/data_new/IND-JLMIV+R-2020/deltaspike/diffToPreviousRelease_deltaspike-1.2.0.csv
dataset/original//IND-JLMIV+R-2020/deltaspike/deltaspike-1.2.0.csv,./dataset/data_new/IND-JLMIV+R-2020/deltaspike/diffToPreviousRelease_deltaspike-1.3.0.csv
dataset/original//IND-JLMIV+R-2020/deltaspike/deltaspike-1.3.0.csv,./dataset/data_new/IND-JLMIV+R-2020/deltaspike/diffToPreviousRelease_deltaspike-1.4.0.csv
dataset/original//IND-JLMIV+R-2020/deltaspike/deltaspike-1.4.0.csv,./dataset/data_new/IND-JLMIV+R-2020/deltaspike/diffToPreviousRelease_deltaspike-1.5.0.csv
dataset/original//IND-JLMIV+R-2020/deltaspike/deltaspike-1.5.0.csv,./dataset/data_new/IND-JLMIV+R-2020/deltaspike/diffToPreviousRelease_deltaspike-1.6.0.csv
dataset/original//IND-JLMIV+R-2020/deltaspike/deltaspike-1.6.0.csv,./dataset/data_new/IND-JLMIV+R-2020/deltaspike/diffToPreviousRelease_deltaspike-1.7.0.csv
dataset/original//IND-JLMIV+R-2020/deltaspike/deltaspike-1.7.0.csv,./dataset/data_new/IND-JLMIV+R-2020/deltaspike/diffToPreviousRelease_deltaspike-1.8.0.csv
dataset/original//IND-JLMIV+R-2020/eagle/eagle-0.3.0.csv,./dataset/data_new/IND-JLMIV+R-2020/eagle/diffToPreviousRelease_eagle-0.4.0.csv
dataset/original//IND-JLMIV+R-2020/eagle/eagle-0.4.0.csv,./dataset/data_new/IND-JLMIV+R-2020/eagle/diffToPreviousRelease_eagle-0.5.0.csv
dataset/original//IND-JLMIV+R-2020/giraph/giraph-0.1.0.csv,./dataset/data_new/IND-JLMIV+R-2020/giraph/diffToPreviousRelease_giraph-1.0.0.csv
dataset/original//IND-JLMIV+R-2020/giraph/giraph-1.0.0.csv,./dataset/data_new/IND-JLMIV+R-2020/giraph/diffToPreviousRelease_giraph-1.1.0.csv
dataset/original//IND-JLMIV+R-2020/gora/gora-0.1.csv,./dataset/data_new/IND-JLMIV+R-2020/gora/diffToPreviousRelease_gora-0.2.csv
dataset/original//IND-JLMIV+R-2020/gora/gora-0.2.csv,./dataset/data_new/IND-JLMIV+R-2020/gora/diffToPreviousRelease_gora-0.3.csv
dataset/original//IND-JLMIV+R-2020/gora/gora-0.3.csv,./dataset/data_new/IND-JLMIV+R-2020/gora/diffToPreviousRelease_gora-0.4.csv
dataset/original//IND-JLMIV+R-2020/gora/gora-0.4.csv,./dataset/data_new/IND-JLMIV+R-2020/gora/diffToPreviousRelease_gora-0.5.csv
dataset/original//IND-JLMIV+R-2020/gora/gora-0.5.csv,./dataset/data_new/IND-JLMIV+R-2020/gora/diffToPreviousRelease_gora-0.6.csv
dataset/original//IND-JLMIV+R-2020/gora/gora-0.6.csv,./dataset/data_new/IND-JLMIV+R-2020/gora/diffToPreviousRelease_gora-0.7.csv
dataset/original//IND-JLMIV+R-2020/gora/gora-0.7.csv,./dataset/data_new/IND-JLMIV+R-2020/gora/diffToPreviousRelease_gora-0.8.csv
dataset/original//IND-JLMIV+R-2020/jspwiki/jspwiki-1.4.0.csv,./dataset/data_new/IND-JLMIV+R-2020/jspwiki/diffToPreviousRelease_jspwiki-1.5.0.csv
dataset/original//IND-JLMIV+R-2020/jspwiki/jspwiki-1.5.0.csv,./dataset/data_new/IND-JLMIV+R-2020/jspwiki/diffToPreviousRelease_jspwiki-1.6.0.csv
dataset/original//IND-JLMIV+R-2020/jspwiki/jspwiki-1.6.0.csv,./dataset/data_new/IND-JLMIV+R-2020/jspwiki/diffToPreviousRelease_jspwiki-1.7.0.csv
dataset/original//IND-JLMIV+R-2020/jspwiki/jspwiki-1.7.0.csv,./dataset/data_new/IND-JLMIV+R-2020/jspwiki/diffToPreviousRelease_jspwiki-1.8.0.csv
dataset/original//IND-JLMIV+R-2020/jspwiki/jspwiki-1.8.0.csv,./dataset/data_new/IND-JLMIV+R-2020/jspwiki/diffToPreviousRelease_jspwiki-2.0.36.csv
dataset/original//IND-JLMIV+R-2020/jspwiki/jspwiki-2.0.36.csv,./dataset/data_new/IND-JLMIV+R-2020/jspwiki/diffToPreviousRelease_jspwiki-2.10.0.csv
dataset/original//IND-JLMIV+R-2020/jspwiki/jspwiki-2.10.0.csv,./dataset/data_new/IND-JLMIV+R-2020/jspwiki/diffToPreviousRelease_jspwiki-2.2.19.csv
dataset/original//IND-JLMIV+R-2020/jspwiki/jspwiki-2.2.19.csv,./dataset/data_new/IND-JLMIV+R-2020/jspwiki/diffToPreviousRelease_jspwiki-2.4.56.csv
dataset/original//IND-JLMIV+R-2020/jspwiki/jspwiki-2.4.56.csv,./dataset/data_new/IND-JLMIV+R-2020/jspwiki/diffToPreviousRelease_jspwiki-2.6.0.csv
dataset/original//IND-JLMIV+R-2020/jspwiki/jspwiki-2.6.0.csv,./dataset/data_new/IND-JLMIV+R-2020/jspwiki/diffToPreviousRelease_jspwiki-2.8.0.csv
dataset/original//IND-JLMIV+R-2020/jspwiki/jspwiki-2.8.0.csv,./dataset/data_new/IND-JLMIV+R-2020/jspwiki/diffToPreviousRelease_jspwiki-2.9.0.csv
dataset/original//IND-JLMIV+R-2020/knox/knox-0.10.0.csv,./dataset/data_new/IND-JLMIV+R-2020/knox/diffToPreviousRelease_knox-0.11.0.csv
dataset/original//IND-JLMIV+R-2020/knox/knox-0.11.0.csv,./dataset/data_new/IND-JLMIV+R-2020/knox/diffToPreviousRelease_knox-0.12.0.csv
dataset/original//IND-JLMIV+R-2020/knox/knox-0.12.0.csv,./dataset/data_new/IND-JLMIV+R-2020/knox/diffToPreviousRelease_knox-0.13.0.csv
dataset/original//IND-JLMIV+R-2020/knox/knox-0.13.0.csv,./dataset/data_new/IND-JLMIV+R-2020/knox/diffToPreviousRelease_knox-0.14.0.csv
dataset/original//IND-JLMIV+R-2020/knox/knox-0.14.0.csv,./dataset/data_new/IND-JLMIV+R-2020/knox/diffToPreviousRelease_knox-0.3.0.csv
dataset/original//IND-JLMIV+R-2020/knox/knox-0.3.0.csv,./dataset/data_new/IND-JLMIV+R-2020/knox/diffToPreviousRelease_knox-0.4.0.csv
dataset/original//IND-JLMIV+R-2020/knox/knox-0.4.0.csv,./dataset/data_new/IND-JLMIV+R-2020/knox/diffToPreviousRelease_knox-0.5.0.csv
dataset/original//IND-JLMIV+R-2020/knox/knox-0.5.0.csv,./dataset/data_new/IND-JLMIV+R-2020/knox/diffToPreviousRelease_knox-0.6.0.csv
dataset/original//IND-JLMIV+R-2020/knox/knox-0.6.0.csv,./dataset/data_new/IND-JLMIV+R-2020/knox/diffToPreviousRelease_knox-0.7.0.csv
dataset/original//IND-JLMIV+R-2020/knox/knox-0.7.0.csv,./dataset/data_new/IND-JLMIV+R-2020/knox/diffToPreviousRelease_knox-0.8.0.csv
dataset/original//IND-JLMIV+R-2020/knox/knox-0.8.0.csv,./dataset/data_new/IND-JLMIV+R-2020/knox/diffToPreviousRelease_knox-0.9.0.csv
dataset/original//IND-JLMIV+R-2020/knox/knox-0.9.0.csv,./dataset/data_new/IND-JLMIV+R-2020/knox/diffToPreviousRelease_knox-1.0.0.csv
dataset/original//IND-JLMIV+R-2020/kylin/kylin-0.6.1.csv,./dataset/data_new/IND-JLMIV+R-2020/kylin/diffToPreviousRelease_kylin-0.7.1.csv
dataset/original//IND-JLMIV+R-2020/kylin/kylin-0.7.1.csv,./dataset/data_new/IND-JLMIV+R-2020/kylin/diffToPreviousRelease_kylin-1.0.0.csv
dataset/original//IND-JLMIV+R-2020/kylin/kylin-1.0.0.csv,./dataset/data_new/IND-JLMIV+R-2020/kylin/diffToPreviousRelease_kylin-1.1.0.csv
dataset/original//IND-JLMIV+R-2020/kylin/kylin-1.1.0.csv,./dataset/data_new/IND-JLMIV+R-2020/kylin/diffToPreviousRelease_kylin-1.2.0.csv
dataset/original//IND-JLMIV+R-2020/kylin/kylin-1.2.0.csv,./dataset/data_new/IND-JLMIV+R-2020/kylin/diffToPreviousRelease_kylin-1.3.0.csv
dataset/original//IND-JLMIV+R-2020/kylin/kylin-1.3.0.csv,./dataset/data_new/IND-JLMIV+R-2020/kylin/diffToPreviousRelease_kylin-1.5.0.csv
dataset/original//IND-JLMIV+R-2020/kylin/kylin-1.5.0.csv,./dataset/data_new/IND-JLMIV+R-2020/kylin/diffToPreviousRelease_kylin-1.6.0.csv
dataset/original//IND-JLMIV+R-2020/kylin/kylin-1.6.0.csv,./dataset/data_new/IND-JLMIV+R-2020/kylin/diffToPreviousRelease_kylin-2.0.0.csv
dataset/original//IND-JLMIV+R-2020/kylin/kylin-2.0.0.csv,./dataset/data_new/IND-JLMIV+R-2020/kylin/diffToPreviousRelease_kylin-2.1.0.csv
dataset/original//IND-JLMIV+R-2020/kylin/kylin-2.1.0.csv,./dataset/data_new/IND-JLMIV+R-2020/kylin/diffToPreviousRelease_kylin-2.2.0.csv
dataset/original//IND-JLMIV+R-2020/lens/lens-2.6.0.csv,./dataset/data_new/IND-JLMIV+R-2020/lens/diffToPreviousRelease_lens-2.7.0.csv
dataset/original//IND-JLMIV+R-2020/mahout/mahout-0.1.csv,./dataset/data_new/IND-JLMIV+R-2020/mahout/diffToPreviousRelease_mahout-0.10.0.csv
dataset/original//IND-JLMIV+R-2020/mahout/mahout-0.10.0.csv,./dataset/data_new/IND-JLMIV+R-2020/mahout/diffToPreviousRelease_mahout-0.11.0.csv
dataset/original//IND-JLMIV+R-2020/mahout/mahout-0.11.0.csv,./dataset/data_new/IND-JLMIV+R-2020/mahout/diffToPreviousRelease_mahout-0.12.0.csv
dataset/original//IND-JLMIV+R-2020/mahout/mahout-0.12.0.csv,./dataset/data_new/IND-JLMIV+R-2020/mahout/diffToPreviousRelease_mahout-0.13.0.csv
dataset/original//IND-JLMIV+R-2020/mahout/mahout-0.13.0.csv,./dataset/data_new/IND-JLMIV+R-2020/mahout/diffToPreviousRelease_mahout-0.2.csv
dataset/original//IND-JLMIV+R-2020/mahout/mahout-0.2.csv,./dataset/data_new/IND-JLMIV+R-2020/mahout/diffToPreviousRelease_mahout-0.3.csv
dataset/original//IND-JLMIV+R-2020/mahout/mahout-0.3.csv,./dataset/data_new/IND-JLMIV+R-2020/mahout/diffToPreviousRelease_mahout-0.4.csv
dataset/original//IND-JLMIV+R-2020/mahout/mahout-0.4.csv,./dataset/data_new/IND-JLMIV+R-2020/mahout/diffToPreviousRelease_mahout-0.5.csv
dataset/original//IND-JLMIV+R-2020/mahout/mahout-0.5.csv,./dataset/data_new/IND-JLMIV+R-2020/mahout/diffToPreviousRelease_mahout-0.6.csv
dataset/original//IND-JLMIV+R-2020/mahout/mahout-0.6.csv,./dataset/data_new/IND-JLMIV+R-2020/mahout/diffToPreviousRelease_mahout-0.7.csv
dataset/original//IND-JLMIV+R-2020/mahout/mahout-0.7.csv,./dataset/data_new/IND-JLMIV+R-2020/mahout/diffToPreviousRelease_mahout-0.8.csv
dataset/original//IND-JLMIV+R-2020/mahout/mahout-0.8.csv,./dataset/data_new/IND-JLMIV+R-2020/mahout/diffToPreviousRelease_mahout-0.9.csv
dataset/original//IND-JLMIV+R-2020/manifoldcf/manifoldcf-0.1.csv,./dataset/data_new/IND-JLMIV+R-2020/manifoldcf/diffToPreviousRelease_manifoldcf-0.2.csv
dataset/original//IND-JLMIV+R-2020/manifoldcf/manifoldcf-0.2.csv,./dataset/data_new/IND-JLMIV+R-2020/manifoldcf/diffToPreviousRelease_manifoldcf-0.3.csv
dataset/original//IND-JLMIV+R-2020/manifoldcf/manifoldcf-0.3.csv,./dataset/data_new/IND-JLMIV+R-2020/manifoldcf/diffToPreviousRelease_manifoldcf-0.4.csv
dataset/original//IND-JLMIV+R-2020/manifoldcf/manifoldcf-0.4.csv,./dataset/data_new/IND-JLMIV+R-2020/manifoldcf/diffToPreviousRelease_manifoldcf-0.5.csv
dataset/original//IND-JLMIV+R-2020/manifoldcf/manifoldcf-0.5.csv,./dataset/data_new/IND-JLMIV+R-2020/manifoldcf/diffToPreviousRelease_manifoldcf-0.6.csv
dataset/original//IND-JLMIV+R-2020/manifoldcf/manifoldcf-0.6.csv,./dataset/data_new/IND-JLMIV+R-2020/manifoldcf/diffToPreviousRelease_manifoldcf-1.0.csv
dataset/original//IND-JLMIV+R-2020/manifoldcf/manifoldcf-1.0.csv,./dataset/data_new/IND-JLMIV+R-2020/manifoldcf/diffToPreviousRelease_manifoldcf-1.1.csv
dataset/original//IND-JLMIV+R-2020/manifoldcf/manifoldcf-1.1.csv,./dataset/data_new/IND-JLMIV+R-2020/manifoldcf/diffToPreviousRelease_manifoldcf-1.10.csv
dataset/original//IND-JLMIV+R-2020/manifoldcf/manifoldcf-1.10.csv,./dataset/data_new/IND-JLMIV+R-2020/manifoldcf/diffToPreviousRelease_manifoldcf-1.2.csv
dataset/original//IND-JLMIV+R-2020/manifoldcf/manifoldcf-1.2.csv,./dataset/data_new/IND-JLMIV+R-2020/manifoldcf/diffToPreviousRelease_manifoldcf-1.3.csv
dataset/original//IND-JLMIV+R-2020/manifoldcf/manifoldcf-1.3.csv,./dataset/data_new/IND-JLMIV+R-2020/manifoldcf/diffToPreviousRelease_manifoldcf-1.4.csv
dataset/original//IND-JLMIV+R-2020/manifoldcf/manifoldcf-1.4.csv,./dataset/data_new/IND-JLMIV+R-2020/manifoldcf/diffToPreviousRelease_manifoldcf-1.5.csv
dataset/original//IND-JLMIV+R-2020/manifoldcf/manifoldcf-1.5.csv,./dataset/data_new/IND-JLMIV+R-2020/manifoldcf/diffToPreviousRelease_manifoldcf-1.6.csv
dataset/original//IND-JLMIV+R-2020/manifoldcf/manifoldcf-1.6.csv,./dataset/data_new/IND-JLMIV+R-2020/manifoldcf/diffToPreviousRelease_manifoldcf-1.7.csv
dataset/original//IND-JLMIV+R-2020/manifoldcf/manifoldcf-1.7.csv,./dataset/data_new/IND-JLMIV+R-2020/manifoldcf/diffToPreviousRelease_manifoldcf-1.8.csv
dataset/original//IND-JLMIV+R-2020/manifoldcf/manifoldcf-1.8.csv,./dataset/data_new/IND-JLMIV+R-2020/manifoldcf/diffToPreviousRelease_manifoldcf-1.9.csv
dataset/original//IND-JLMIV+R-2020/manifoldcf/manifoldcf-1.9.csv,./dataset/data_new/IND-JLMIV+R-2020/manifoldcf/diffToPreviousRelease_manifoldcf-2.0.csv
dataset/original//IND-JLMIV+R-2020/manifoldcf/manifoldcf-2.0.csv,./dataset/data_new/IND-JLMIV+R-2020/manifoldcf/diffToPreviousRelease_manifoldcf-2.1.csv
dataset/original//IND-JLMIV+R-2020/manifoldcf/manifoldcf-2.1.csv,./dataset/data_new/IND-JLMIV+R-2020/manifoldcf/diffToPreviousRelease_manifoldcf-2.10.csv
dataset/original//IND-JLMIV+R-2020/manifoldcf/manifoldcf-2.10.csv,./dataset/data_new/IND-JLMIV+R-2020/manifoldcf/diffToPreviousRelease_manifoldcf-2.2.csv
dataset/original//IND-JLMIV+R-2020/manifoldcf/manifoldcf-2.2.csv,./dataset/data_new/IND-JLMIV+R-2020/manifoldcf/diffToPreviousRelease_manifoldcf-2.3.csv
dataset/original//IND-JLMIV+R-2020/manifoldcf/manifoldcf-2.3.csv,./dataset/data_new/IND-JLMIV+R-2020/manifoldcf/diffToPreviousRelease_manifoldcf-2.4.csv
dataset/original//IND-JLMIV+R-2020/manifoldcf/manifoldcf-2.4.csv,./dataset/data_new/IND-JLMIV+R-2020/manifoldcf/diffToPreviousRelease_manifoldcf-2.5.csv
dataset/original//IND-JLMIV+R-2020/manifoldcf/manifoldcf-2.5.csv,./dataset/data_new/IND-JLMIV+R-2020/manifoldcf/diffToPreviousRelease_manifoldcf-2.6.csv
dataset/original//IND-JLMIV+R-2020/manifoldcf/manifoldcf-2.6.csv,./dataset/data_new/IND-JLMIV+R-2020/manifoldcf/diffToPreviousRelease_manifoldcf-2.7.csv
dataset/original//IND-JLMIV+R-2020/manifoldcf/manifoldcf-2.7.csv,./dataset/data_new/IND-JLMIV+R-2020/manifoldcf/diffToPreviousRelease_manifoldcf-2.8.csv
dataset/original//IND-JLMIV+R-2020/manifoldcf/manifoldcf-2.8.csv,./dataset/data_new/IND-JLMIV+R-2020/manifoldcf/diffToPreviousRelease_manifoldcf-2.9.csv
dataset/original//IND-JLMIV+R-2020/nutch/nutch-0.7.csv,./dataset/data_new/IND-JLMIV+R-2020/nutch/diffToPreviousRelease_nutch-0.8.csv
dataset/original//IND-JLMIV+R-2020/nutch/nutch-0.8.csv,./dataset/data_new/IND-JLMIV+R-2020/nutch/diffToPreviousRelease_nutch-0.9.csv
dataset/original//IND-JLMIV+R-2020/nutch/nutch-0.9.csv,./dataset/data_new/IND-JLMIV+R-2020/nutch/diffToPreviousRelease_nutch-1.0.csv
dataset/original//IND-JLMIV+R-2020/nutch/nutch-1.0.csv,./dataset/data_new/IND-JLMIV+R-2020/nutch/diffToPreviousRelease_nutch-1.1.csv
dataset/original//IND-JLMIV+R-2020/nutch/nutch-1.1.csv,./dataset/data_new/IND-JLMIV+R-2020/nutch/diffToPreviousRelease_nutch-1.10.csv
dataset/original//IND-JLMIV+R-2020/nutch/nutch-1.10.csv,./dataset/data_new/IND-JLMIV+R-2020/nutch/diffToPreviousRelease_nutch-1.11.csv
dataset/original//IND-JLMIV+R-2020/nutch/nutch-1.11.csv,./dataset/data_new/IND-JLMIV+R-2020/nutch/diffToPreviousRelease_nutch-1.12.csv
dataset/original//IND-JLMIV+R-2020/nutch/nutch-1.12.csv,./dataset/data_new/IND-JLMIV+R-2020/nutch/diffToPreviousRelease_nutch-1.13.csv
dataset/original//IND-JLMIV+R-2020/nutch/nutch-1.13.csv,./dataset/data_new/IND-JLMIV+R-2020/nutch/diffToPreviousRelease_nutch-1.14.csv
dataset/original//IND-JLMIV+R-2020/nutch/nutch-1.14.csv,./dataset/data_new/IND-JLMIV+R-2020/nutch/diffToPreviousRelease_nutch-1.2.csv
dataset/original//IND-JLMIV+R-2020/nutch/nutch-1.2.csv,./dataset/data_new/IND-JLMIV+R-2020/nutch/diffToPreviousRelease_nutch-1.3.csv
dataset/original//IND-JLMIV+R-2020/nutch/nutch-1.3.csv,./dataset/data_new/IND-JLMIV+R-2020/nutch/diffToPreviousRelease_nutch-1.4.csv
dataset/original//IND-JLMIV+R-2020/nutch/nutch-1.4.csv,./dataset/data_new/IND-JLMIV+R-2020/nutch/diffToPreviousRelease_nutch-1.5.csv
dataset/original//IND-JLMIV+R-2020/nutch/nutch-1.5.csv,./dataset/data_new/IND-JLMIV+R-2020/nutch/diffToPreviousRelease_nutch-1.6.csv
dataset/original//IND-JLMIV+R-2020/nutch/nutch-1.6.csv,./dataset/data_new/IND-JLMIV+R-2020/nutch/diffToPreviousRelease_nutch-1.7.csv
dataset/original//IND-JLMIV+R-2020/nutch/nutch-1.7.csv,./dataset/data_new/IND-JLMIV+R-2020/nutch/diffToPreviousRelease_nutch-1.8.csv
dataset/original//IND-JLMIV+R-2020/nutch/nutch-1.8.csv,./dataset/data_new/IND-JLMIV+R-2020/nutch/diffToPreviousRelease_nutch-1.9.csv
dataset/original//IND-JLMIV+R-2020/nutch/nutch-1.9.csv,./dataset/data_new/IND-JLMIV+R-2020/nutch/diffToPreviousRelease_nutch-2.0.csv
dataset/original//IND-JLMIV+R-2020/nutch/nutch-2.0.csv,./dataset/data_new/IND-JLMIV+R-2020/nutch/diffToPreviousRelease_nutch-2.1.csv
dataset/original//IND-JLMIV+R-2020/nutch/nutch-2.1.csv,./dataset/data_new/IND-JLMIV+R-2020/nutch/diffToPreviousRelease_nutch-2.2.csv
dataset/original//IND-JLMIV+R-2020/nutch/nutch-2.2.csv,./dataset/data_new/IND-JLMIV+R-2020/nutch/diffToPreviousRelease_nutch-2.3.csv
dataset/original//IND-JLMIV+R-2020/opennlp/opennlp-1.7.0.csv,./dataset/data_new/IND-JLMIV+R-2020/opennlp/diffToPreviousRelease_opennlp-1.8.0.csv
dataset/original//IND-JLMIV+R-2020/parquet-mr/parquet-mr-1.0.0.csv,./dataset/data_new/IND-JLMIV+R-2020/parquet-mr/diffToPreviousRelease_parquet-mr-1.1.0.csv
dataset/original//IND-JLMIV+R-2020/parquet-mr/parquet-mr-1.1.0.csv,./dataset/data_new/IND-JLMIV+R-2020/parquet-mr/diffToPreviousRelease_parquet-mr-1.2.0.csv
dataset/original//IND-JLMIV+R-2020/parquet-mr/parquet-mr-1.2.0.csv,./dataset/data_new/IND-JLMIV+R-2020/parquet-mr/diffToPreviousRelease_parquet-mr-1.3.0.csv
dataset/original//IND-JLMIV+R-2020/parquet-mr/parquet-mr-1.3.0.csv,./dataset/data_new/IND-JLMIV+R-2020/parquet-mr/diffToPreviousRelease_parquet-mr-1.4.0.csv
dataset/original//IND-JLMIV+R-2020/parquet-mr/parquet-mr-1.4.0.csv,./dataset/data_new/IND-JLMIV+R-2020/parquet-mr/diffToPreviousRelease_parquet-mr-1.5.0.csv
dataset/original//IND-JLMIV+R-2020/parquet-mr/parquet-mr-1.5.0.csv,./dataset/data_new/IND-JLMIV+R-2020/parquet-mr/diffToPreviousRelease_parquet-mr-1.6.0.csv
dataset/original//IND-JLMIV+R-2020/parquet-mr/parquet-mr-1.6.0.csv,./dataset/data_new/IND-JLMIV+R-2020/parquet-mr/diffToPreviousRelease_parquet-mr-1.7.0.csv
dataset/original//IND-JLMIV+R-2020/santuario-java/santuario-java-1.0.0.csv,./dataset/data_new/IND-JLMIV+R-2020/santuario-java/diffToPreviousRelease_santuario-java-1.2.0.csv
dataset/original//IND-JLMIV+R-2020/santuario-java/santuario-java-1.2.0.csv,./dataset/data_new/IND-JLMIV+R-2020/santuario-java/diffToPreviousRelease_santuario-java-1.4.5.csv
dataset/original//IND-JLMIV+R-2020/santuario-java/santuario-java-1.4.5.csv,./dataset/data_new/IND-JLMIV+R-2020/santuario-java/diffToPreviousRelease_santuario-java-2.0.0.csv
dataset/original//IND-JLMIV+R-2020/santuario-java/santuario-java-2.0.0.csv,./dataset/data_new/IND-JLMIV+R-2020/santuario-java/diffToPreviousRelease_santuario-java-2.1.0.csv
dataset/original//IND-JLMIV+R-2020/systemml/systemml-0.10.csv,./dataset/data_new/IND-JLMIV+R-2020/systemml/diffToPreviousRelease_systemml-0.11.csv
dataset/original//IND-JLMIV+R-2020/systemml/systemml-0.11.csv,./dataset/data_new/IND-JLMIV+R-2020/systemml/diffToPreviousRelease_systemml-0.12.csv
dataset/original//IND-JLMIV+R-2020/systemml/systemml-0.12.csv,./dataset/data_new/IND-JLMIV+R-2020/systemml/diffToPreviousRelease_systemml-0.13.csv
dataset/original//IND-JLMIV+R-2020/systemml/systemml-0.13.csv,./dataset/data_new/IND-JLMIV+R-2020/systemml/diffToPreviousRelease_systemml-0.14.csv
dataset/original//IND-JLMIV+R-2020/systemml/systemml-0.14.csv,./dataset/data_new/IND-JLMIV+R-2020/systemml/diffToPreviousRelease_systemml-0.15.csv
dataset/original//IND-JLMIV+R-2020/systemml/systemml-0.15.csv,./dataset/data_new/IND-JLMIV+R-2020/systemml/diffToPreviousRelease_systemml-0.9.csv
dataset/original//IND-JLMIV+R-2020/systemml/systemml-0.9.csv,./dataset/data_new/IND-JLMIV+R-2020/systemml/diffToPreviousRelease_systemml-1.0.0.csv
dataset/original//IND-JLMIV+R-2020/systemml/systemml-1.0.0.csv,./dataset/data_new/IND-JLMIV+R-2020/systemml/diffToPreviousRelease_systemml-1.1.0.csv
dataset/original//IND-JLMIV+R-2020/systemml/systemml-1.1.0.csv,./dataset/data_new/IND-JLMIV+R-2020/systemml/diffToPreviousRelease_systemml-1.2.0.csv
dataset/original//IND-JLMIV+R-2020/tika/tika-0.1.csv,./dataset/data_new/IND-JLMIV+R-2020/tika/diffToPreviousRelease_tika-0.10.csv
dataset/original//IND-JLMIV+R-2020/tika/tika-0.10.csv,./dataset/data_new/IND-JLMIV+R-2020/tika/diffToPreviousRelease_tika-0.2.csv
dataset/original//IND-JLMIV+R-2020/tika/tika-0.2.csv,./dataset/data_new/IND-JLMIV+R-2020/tika/diffToPreviousRelease_tika-0.3.csv
dataset/original//IND-JLMIV+R-2020/tika/tika-0.3.csv,./dataset/data_new/IND-JLMIV+R-2020/tika/diffToPreviousRelease_tika-0.4.csv
dataset/original//IND-JLMIV+R-2020/tika/tika-0.4.csv,./dataset/data_new/IND-JLMIV+R-2020/tika/diffToPreviousRelease_tika-0.5.csv
dataset/original//IND-JLMIV+R-2020/tika/tika-0.5.csv,./dataset/data_new/IND-JLMIV+R-2020/tika/diffToPreviousRelease_tika-0.6.csv
dataset/original//IND-JLMIV+R-2020/tika/tika-0.6.csv,./dataset/data_new/IND-JLMIV+R-2020/tika/diffToPreviousRelease_tika-0.7.csv
dataset/original//IND-JLMIV+R-2020/tika/tika-0.7.csv,./dataset/data_new/IND-JLMIV+R-2020/tika/diffToPreviousRelease_tika-0.8.csv
dataset/original//IND-JLMIV+R-2020/tika/tika-0.8.csv,./dataset/data_new/IND-JLMIV+R-2020/tika/diffToPreviousRelease_tika-0.9.csv
dataset/original//IND-JLMIV+R-2020/tika/tika-0.9.csv,./dataset/data_new/IND-JLMIV+R-2020/tika/diffToPreviousRelease_tika-1.0.csv
dataset/original//IND-JLMIV+R-2020/tika/tika-1.0.csv,./dataset/data_new/IND-JLMIV+R-2020/tika/diffToPreviousRelease_tika-1.1.csv
dataset/original//IND-JLMIV+R-2020/tika/tika-1.1.csv,./dataset/data_new/IND-JLMIV+R-2020/tika/diffToPreviousRelease_tika-1.10.csv
dataset/original//IND-JLMIV+R-2020/tika/tika-1.10.csv,./dataset/data_new/IND-JLMIV+R-2020/tika/diffToPreviousRelease_tika-1.11.csv
dataset/original//IND-JLMIV+R-2020/tika/tika-1.11.csv,./dataset/data_new/IND-JLMIV+R-2020/tika/diffToPreviousRelease_tika-1.12.csv
dataset/original//IND-JLMIV+R-2020/tika/tika-1.12.csv,./dataset/data_new/IND-JLMIV+R-2020/tika/diffToPreviousRelease_tika-1.13.csv
dataset/original//IND-JLMIV+R-2020/tika/tika-1.13.csv,./dataset/data_new/IND-JLMIV+R-2020/tika/diffToPreviousRelease_tika-1.14.csv
dataset/original//IND-JLMIV+R-2020/tika/tika-1.14.csv,./dataset/data_new/IND-JLMIV+R-2020/tika/diffToPreviousRelease_tika-1.15.csv
dataset/original//IND-JLMIV+R-2020/tika/tika-1.15.csv,./dataset/data_new/IND-JLMIV+R-2020/tika/diffToPreviousRelease_tika-1.16.csv
dataset/original//IND-JLMIV+R-2020/tika/tika-1.16.csv,./dataset/data_new/IND-JLMIV+R-2020/tika/diffToPreviousRelease_tika-1.17.csv
dataset/original//IND-JLMIV+R-2020/tika/tika-1.17.csv,./dataset/data_new/IND-JLMIV+R-2020/tika/diffToPreviousRelease_tika-1.2.csv
dataset/original//IND-JLMIV+R-2020/tika/tika-1.2.csv,./dataset/data_new/IND-JLMIV+R-2020/tika/diffToPreviousRelease_tika-1.3.csv
dataset/original//IND-JLMIV+R-2020/tika/tika-1.3.csv,./dataset/data_new/IND-JLMIV+R-2020/tika/diffToPreviousRelease_tika-1.4.csv
dataset/original//IND-JLMIV+R-2020/tika/tika-1.4.csv,./dataset/data_new/IND-JLMIV+R-2020/tika/diffToPreviousRelease_tika-1.5.csv
dataset/original//IND-JLMIV+R-2020/tika/tika-1.5.csv,./dataset/data_new/IND-JLMIV+R-2020/tika/diffToPreviousRelease_tika-1.6.csv
dataset/original//IND-JLMIV+R-2020/tika/tika-1.6.csv,./dataset/data_new/IND-JLMIV+R-2020/tika/diffToPreviousRelease_tika-1.7.csv
dataset/original//IND-JLMIV+R-2020/tika/tika-1.7.csv,./dataset/data_new/IND-JLMIV+R-2020/tika/diffToPreviousRelease_tika-1.8.csv
dataset/original//IND-JLMIV+R-2020/tika/tika-1.8.csv,./dataset/data_new/IND-JLMIV+R-2020/tika/diffToPreviousRelease_tika-1.9.csv
dataset/original//IND-JLMIV+R-2020/wss4j/wss4j-1.5.0.csv,./dataset/data_new/IND-JLMIV+R-2020/wss4j/diffToPreviousRelease_wss4j-1.6.0.csv
dataset/original//IND-JLMIV+R-2020/wss4j/wss4j-1.6.0.csv,./dataset/data_new/IND-JLMIV+R-2020/wss4j/diffToPreviousRelease_wss4j-2.0.0.csv
dataset/original//IND-JLMIV+R-2020/wss4j/wss4j-2.0.0.csv,./dataset/data_new/IND-JLMIV+R-2020/wss4j/diffToPreviousRelease_wss4j-2.1.0.csv
dataset/original//IND-JLMIV+R-2020/wss4j/wss4j-2.1.0.csv,./dataset/data_new/IND-JLMIV+R-2020/wss4j/diffToPreviousRelease_wss4j-2.2.0.csv
dataset/original//JIRA-HA-2019/activemq/activemq-5.0.0.csv,./dataset/data_new/JIRA-HA-2019/activemq/diffToPreviousRelease_activemq-5.1.0.csv
dataset/original//JIRA-HA-2019/activemq/activemq-5.1.0.csv,./dataset/data_new/JIRA-HA-2019/activemq/diffToPreviousRelease_activemq-5.2.0.csv
dataset/original//JIRA-HA-2019/activemq/activemq-5.2.0.csv,./dataset/data_new/JIRA-HA-2019/activemq/diffToPreviousRelease_activemq-5.3.0.csv
dataset/original//JIRA-HA-2019/activemq/activemq-5.3.0.csv,./dataset/data_new/JIRA-HA-2019/activemq/diffToPreviousRelease_activemq-5.8.0.csv
dataset/original//JIRA-HA-2019/camel/camel-1.4.0.csv,./dataset/data_new/JIRA-HA-2019/camel/diffToPreviousRelease_camel-2.10.0.csv
dataset/original//JIRA-HA-2019/camel/camel-2.10.0.csv,./dataset/data_new/JIRA-HA-2019/camel/diffToPreviousRelease_camel-2.11.0.csv
dataset/original//JIRA-HA-2019/camel/camel-2.11.0.csv,./dataset/data_new/JIRA-HA-2019/camel/diffToPreviousRelease_camel-2.9.0.csv
dataset/original//JIRA-HA-2019/derby/derby-10.2.1.6.csv,./dataset/data_new/JIRA-HA-2019/derby/diffToPreviousRelease_derby-10.3.1.4.csv
dataset/original//JIRA-HA-2019/derby/derby-10.3.1.4.csv,./dataset/data_new/JIRA-HA-2019/derby/diffToPreviousRelease_derby-10.5.1.1.csv
dataset/original//JIRA-HA-2019/groovy/groovy-1.5.7.csv,./dataset/data_new/JIRA-HA-2019/groovy/diffToPreviousRelease_groovy-1.6.BETA1.csv
dataset/original//JIRA-HA-2019/groovy/groovy-1.6.BETA1.csv,./dataset/data_new/JIRA-HA-2019/groovy/diffToPreviousRelease_groovy-1.6.BETA2.csv
dataset/original//JIRA-HA-2019/hbase/hbase-0.94.0.csv,./dataset/data_new/JIRA-HA-2019/hbase/diffToPreviousRelease_hbase-0.95.0.csv
dataset/original//JIRA-HA-2019/hbase/hbase-0.95.0.csv,./dataset/data_new/JIRA-HA-2019/hbase/diffToPreviousRelease_hbase-0.95.2.csv
dataset/original//JIRA-HA-2019/hive/hive-0.10.0.csv,./dataset/data_new/JIRA-HA-2019/hive/diffToPreviousRelease_hive-0.12.0.csv
dataset/original//JIRA-HA-2019/hive/hive-0.12.0.csv,./dataset/data_new/JIRA-HA-2019/hive/diffToPreviousRelease_hive-0.9.0.csv
dataset/original//JIRA-HA-2019/jruby/jruby-1.1.0.csv,./dataset/data_new/JIRA-HA-2019/jruby/diffToPreviousRelease_jruby-1.4.0.csv
dataset/original//JIRA-HA-2019/jruby/jruby-1.4.0.csv,./dataset/data_new/JIRA-HA-2019/jruby/diffToPreviousRelease_jruby-1.5.0.csv
dataset/original//JIRA-HA-2019/jruby/jruby-1.5.0.csv,./dataset/data_new/JIRA-HA-2019/jruby/diffToPreviousRelease_jruby-1.7.0.preview1.csv
dataset/original//JIRA-HA-2019/lucene/lucene-2.3.0.csv,./dataset/data_new/JIRA-HA-2019/lucene/diffToPreviousRelease_lucene-2.9.0.csv
dataset/original//JIRA-HA-2019/lucene/lucene-2.9.0.csv,./dataset/data_new/JIRA-HA-2019/lucene/diffToPreviousRelease_lucene-3.0.0.csv
dataset/original//JIRA-HA-2019/lucene/lucene-3.0.0.csv,./dataset/data_new/JIRA-HA-2019/lucene/diffToPreviousRelease_lucene-3.1.0.csv
dataset/original//JIRA-HA-2019/wicket/wicket-1.3.0.beta1.csv,./dataset/data_new/JIRA-HA-2019/wicket/diffToPreviousRelease_wicket-1.3.0.beta2.csv
dataset/original//JIRA-HA-2019/wicket/wicket-1.3.0.beta2.csv,./dataset/data_new/JIRA-HA-2019/wicket/diffToPreviousRelease_wicket-1.5.3.0.csv
dataset/original//JIRA-RA-2019/activemq/activemq-5.0.0.csv,./dataset/data_new/JIRA-RA-2019/activemq/diffToPreviousRelease_activemq-5.1.0.csv
dataset/original//JIRA-RA-2019/activemq/activemq-5.1.0.csv,./dataset/data_new/JIRA-RA-2019/activemq/diffToPreviousRelease_activemq-5.2.0.csv
dataset/original//JIRA-RA-2019/activemq/activemq-5.2.0.csv,./dataset/data_new/JIRA-RA-2019/activemq/diffToPreviousRelease_activemq-5.3.0.csv
dataset/original//JIRA-RA-2019/activemq/activemq-5.3.0.csv,./dataset/data_new/JIRA-RA-2019/activemq/diffToPreviousRelease_activemq-5.8.0.csv
dataset/original//JIRA-RA-2019/camel/camel-1.4.0.csv,./dataset/data_new/JIRA-RA-2019/camel/diffToPreviousRelease_camel-2.10.0.csv
dataset/original//JIRA-RA-2019/camel/camel-2.10.0.csv,./dataset/data_new/JIRA-RA-2019/camel/diffToPreviousRelease_camel-2.11.0.csv
dataset/original//JIRA-RA-2019/camel/camel-2.11.0.csv,./dataset/data_new/JIRA-RA-2019/camel/diffToPreviousRelease_camel-2.9.0.csv
dataset/original//JIRA-RA-2019/derby/derby-10.2.1.6.csv,./dataset/data_new/JIRA-RA-2019/derby/diffToPreviousRelease_derby-10.3.1.4.csv
dataset/original//JIRA-RA-2019/derby/derby-10.3.1.4.csv,./dataset/data_new/JIRA-RA-2019/derby/diffToPreviousRelease_derby-10.5.1.1.csv
dataset/original//JIRA-RA-2019/groovy/groovy-1.5.7.csv,./dataset/data_new/JIRA-RA-2019/groovy/diffToPreviousRelease_groovy-1.6.BETA1.csv
dataset/original//JIRA-RA-2019/groovy/groovy-1.6.BETA1.csv,./dataset/data_new/JIRA-RA-2019/groovy/diffToPreviousRelease_groovy-1.6.BETA2.csv
dataset/original//JIRA-RA-2019/hbase/hbase-0.94.0.csv,./dataset/data_new/JIRA-RA-2019/hbase/diffToPreviousRelease_hbase-0.95.0.csv
dataset/original//JIRA-RA-2019/hbase/hbase-0.95.0.csv,./dataset/data_new/JIRA-RA-2019/hbase/diffToPreviousRelease_hbase-0.95.2.csv
dataset/original//JIRA-RA-2019/hive/hive-0.10.0.csv,./dataset/data_new/JIRA-RA-2019/hive/diffToPreviousRelease_hive-0.12.0.csv
dataset/original//JIRA-RA-2019/hive/hive-0.12.0.csv,./dataset/data_new/JIRA-RA-2019/hive/diffToPreviousRelease_hive-0.9.0.csv
dataset/original//JIRA-RA-2019/jruby/jruby-1.1.0.csv,./dataset/data_new/JIRA-RA-2019/jruby/diffToPreviousRelease_jruby-1.4.0.csv
dataset/original//JIRA-RA-2019/jruby/jruby-1.4.0.csv,./dataset/data_new/JIRA-RA-2019/jruby/diffToPreviousRelease_jruby-1.5.0.csv
dataset/original//JIRA-RA-2019/jruby/jruby-1.5.0.csv,./dataset/data_new/JIRA-RA-2019/jruby/diffToPreviousRelease_jruby-1.7.0.preview1.csv
dataset/original//JIRA-RA-2019/lucene/lucene-2.3.0.csv,./dataset/data_new/JIRA-RA-2019/lucene/diffToPreviousRelease_lucene-2.9.0.csv
dataset/original//JIRA-RA-2019/lucene/lucene-2.9.0.csv,./dataset/data_new/JIRA-RA-2019/lucene/diffToPreviousRelease_lucene-3.0.0.csv
dataset/original//JIRA-RA-2019/lucene/lucene-3.0.0.csv,./dataset/data_new/JIRA-RA-2019/lucene/diffToPreviousRelease_lucene-3.1.0.csv
dataset/original//JIRA-RA-2019/wicket/wicket-1.3.0.beta1.csv,./dataset/data_new/JIRA-RA-2019/wicket/diffToPreviousRelease_wicket-1.3.0.beta2.csv
dataset/original//JIRA-RA-2019/wicket/wicket-1.3.0.beta2.csv,./dataset/data_new/JIRA-RA-2019/wicket/diffToPreviousRelease_wicket-1.5.3.0.csv
dataset/original//MA-SZZ-2020/flume/flume-1.2.0.csv,./dataset/data_new/MA-SZZ-2020/flume/diffToPreviousRelease_flume-1.3.0.csv
dataset/original//MA-SZZ-2020/flume/flume-1.3.0.csv,./dataset/data_new/MA-SZZ-2020/flume/diffToPreviousRelease_flume-1.3.1.csv
dataset/original//MA-SZZ-2020/flume/flume-1.3.1.csv,./dataset/data_new/MA-SZZ-2020/flume/diffToPreviousRelease_flume-1.4.0.csv
dataset/original//MA-SZZ-2020/flume/flume-1.4.0.csv,./dataset/data_new/MA-SZZ-2020/flume/diffToPreviousRelease_flume-1.5.0.csv
dataset/original//MA-SZZ-2020/flume/flume-1.5.0.csv,./dataset/data_new/MA-SZZ-2020/flume/diffToPreviousRelease_flume-1.5.1.csv
dataset/original//MA-SZZ-2020/flume/flume-1.5.1.csv,./dataset/data_new/MA-SZZ-2020/flume/diffToPreviousRelease_flume-1.5.2.csv
dataset/original//MA-SZZ-2020/flume/flume-1.5.2.csv,./dataset/data_new/MA-SZZ-2020/flume/diffToPreviousRelease_flume-1.6.0.csv
dataset/original//MA-SZZ-2020/flume/flume-1.6.0.csv,./dataset/data_new/MA-SZZ-2020/flume/diffToPreviousRelease_flume-1.7.0.csv
dataset/original//MA-SZZ-2020/flume/flume-1.7.0.csv,./dataset/data_new/MA-SZZ-2020/flume/diffToPreviousRelease_flume-1.8.0.csv
dataset/original//MA-SZZ-2020/mahout/mahout-0.10.0.csv,./dataset/data_new/MA-SZZ-2020/mahout/diffToPreviousRelease_mahout-0.11.0.csv
dataset/original//MA-SZZ-2020/mahout/mahout-0.11.0.csv,./dataset/data_new/MA-SZZ-2020/mahout/diffToPreviousRelease_mahout-0.12.0.csv
dataset/original//MA-SZZ-2020/mahout/mahout-0.12.0.csv,./dataset/data_new/MA-SZZ-2020/mahout/diffToPreviousRelease_mahout-0.13.0.csv
dataset/original//MA-SZZ-2020/mahout/mahout-0.13.0.csv,./dataset/data_new/MA-SZZ-2020/mahout/diffToPreviousRelease_mahout-0.4.csv
dataset/original//MA-SZZ-2020/mahout/mahout-0.4.csv,./dataset/data_new/MA-SZZ-2020/mahout/diffToPreviousRelease_mahout-0.5.csv
dataset/original//MA-SZZ-2020/mahout/mahout-0.5.csv,./dataset/data_new/MA-SZZ-2020/mahout/diffToPreviousRelease_mahout-0.6.csv
dataset/original//MA-SZZ-2020/mahout/mahout-0.6.csv,./dataset/data_new/MA-SZZ-2020/mahout/diffToPreviousRelease_mahout-0.7.csv
dataset/original//MA-SZZ-2020/mahout/mahout-0.7.csv,./dataset/data_new/MA-SZZ-2020/mahout/diffToPreviousRelease_mahout-0.8.csv
dataset/original//MA-SZZ-2020/mahout/mahout-0.8.csv,./dataset/data_new/MA-SZZ-2020/mahout/diffToPreviousRelease_mahout-0.9.csv
dataset/original//MA-SZZ-2020/maven/maven-2.2.0.csv,./dataset/data_new/MA-SZZ-2020/maven/diffToPreviousRelease_maven-2.2.1.csv
dataset/original//MA-SZZ-2020/maven/maven-2.2.1.csv,./dataset/data_new/MA-SZZ-2020/maven/diffToPreviousRelease_maven-3.0.0.csv
dataset/original//MA-SZZ-2020/maven/maven-3.0.0.csv,./dataset/data_new/MA-SZZ-2020/maven/diffToPreviousRelease_maven-3.0.1.csv
dataset/original//MA-SZZ-2020/maven/maven-3.0.1.csv,./dataset/data_new/MA-SZZ-2020/maven/diffToPreviousRelease_maven-3.0.2.csv
dataset/original//MA-SZZ-2020/maven/maven-3.0.2.csv,./dataset/data_new/MA-SZZ-2020/maven/diffToPreviousRelease_maven-3.0.3.csv
dataset/original//MA-SZZ-2020/maven/maven-3.0.3.csv,./dataset/data_new/MA-SZZ-2020/maven/diffToPreviousRelease_maven-3.0.4.csv
dataset/original//MA-SZZ-2020/maven/maven-3.0.4.csv,./dataset/data_new/MA-SZZ-2020/maven/diffToPreviousRelease_maven-3.0.5.csv
dataset/original//MA-SZZ-2020/maven/maven-3.0.5.csv,./dataset/data_new/MA-SZZ-2020/maven/diffToPreviousRelease_maven-3.1.0.csv
dataset/original//MA-SZZ-2020/maven/maven-3.1.0.csv,./dataset/data_new/MA-SZZ-2020/maven/diffToPreviousRelease_maven-3.1.1.csv
dataset/original//MA-SZZ-2020/shiro/shiro-1.1.0.csv,./dataset/data_new/MA-SZZ-2020/shiro/diffToPreviousRelease_shiro-1.2.0.csv
dataset/original//MA-SZZ-2020/shiro/shiro-1.2.0.csv,./dataset/data_new/MA-SZZ-2020/shiro/diffToPreviousRelease_shiro-1.2.1.csv
dataset/original//MA-SZZ-2020/shiro/shiro-1.2.1.csv,./dataset/data_new/MA-SZZ-2020/shiro/diffToPreviousRelease_shiro-1.2.2.csv
dataset/original//MA-SZZ-2020/shiro/shiro-1.2.2.csv,./dataset/data_new/MA-SZZ-2020/shiro/diffToPreviousRelease_shiro-1.2.3.csv
dataset/original//MA-SZZ-2020/shiro/shiro-1.2.3.csv,./dataset/data_new/MA-SZZ-2020/shiro/diffToPreviousRelease_shiro-1.2.4.csv
dataset/original//MA-SZZ-2020/shiro/shiro-1.2.4.csv,./dataset/data_new/MA-SZZ-2020/shiro/diffToPreviousRelease_shiro-1.2.5.csv
dataset/original//MA-SZZ-2020/shiro/shiro-1.2.5.csv,./dataset/data_new/MA-SZZ-2020/shiro/diffToPreviousRelease_shiro-1.2.6.csv
dataset/original//MA-SZZ-2020/shiro/shiro-1.2.6.csv,./dataset/data_new/MA-SZZ-2020/shiro/diffToPreviousRelease_shiro-1.3.0.csv
dataset/original//MA-SZZ-2020/shiro/shiro-1.3.0.csv,./dataset/data_new/MA-SZZ-2020/shiro/diffToPreviousRelease_shiro-1.3.1.csv
dataset/original//MA-SZZ-2020/zeppelin/zeppelin-0.5.0.csv,./dataset/data_new/MA-SZZ-2020/zeppelin/diffToPreviousRelease_zeppelin-0.5.5.csv
dataset/original//MA-SZZ-2020/zeppelin/zeppelin-0.5.5.csv,./dataset/data_new/MA-SZZ-2020/zeppelin/diffToPreviousRelease_zeppelin-0.5.6.csv
dataset/original//MA-SZZ-2020/zeppelin/zeppelin-0.5.6.csv,./dataset/data_new/MA-SZZ-2020/zeppelin/diffToPreviousRelease_zeppelin-0.6.0.csv
dataset/original//MA-SZZ-2020/zeppelin/zeppelin-0.6.0.csv,./dataset/data_new/MA-SZZ-2020/zeppelin/diffToPreviousRelease_zeppelin-0.6.1.csv
dataset/original//MA-SZZ-2020/zeppelin/zeppelin-0.6.1.csv,./dataset/data_new/MA-SZZ-2020/zeppelin/diffToPreviousRelease_zeppelin-0.6.2.csv
dataset/original//MA-SZZ-2020/zeppelin/zeppelin-0.6.2.csv,./dataset/data_new/MA-SZZ-2020/zeppelin/diffToPreviousRelease_zeppelin-0.7.0.csv
dataset/original//MA-SZZ-2020/zeppelin/zeppelin-0.7.0.csv,./dataset/data_new/MA-SZZ-2020/zeppelin/diffToPreviousRelease_zeppelin-0.7.1.csv
dataset/original//MA-SZZ-2020/zeppelin/zeppelin-0.7.1.csv,./dataset/data_new/MA-SZZ-2020/zeppelin/diffToPreviousRelease_zeppelin-0.7.2.csv
dataset/original//MA-SZZ-2020/zeppelin/zeppelin-0.7.2.csv,./dataset/data_new/MA-SZZ-2020/zeppelin/diffToPreviousRelease_zeppelin-0.7.3.csv
dataset/original//Metrics-Repo-2010/ant/ant-1.3.csv,./dataset/data_new/Metrics-Repo-2010/ant/diffToPreviousRelease_ant-1.4.csv
dataset/original//Metrics-Repo-2010/ant/ant-1.4.csv,./dataset/data_new/Metrics-Repo-2010/ant/diffToPreviousRelease_ant-1.5.csv
dataset/original//Metrics-Repo-2010/ant/ant-1.5.csv,./dataset/data_new/Metrics-Repo-2010/ant/diffToPreviousRelease_ant-1.6.csv
dataset/original//Metrics-Repo-2010/ant/ant-1.6.csv,./dataset/data_new/Metrics-Repo-2010/ant/diffToPreviousRelease_ant-1.7.csv
dataset/original//Metrics-Repo-2010/camel/camel-1.0.csv,./dataset/data_new/Metrics-Repo-2010/camel/diffToPreviousRelease_camel-1.2.csv
dataset/original//Metrics-Repo-2010/camel/camel-1.2.csv,./dataset/data_new/Metrics-Repo-2010/camel/diffToPreviousRelease_camel-1.4.csv
dataset/original//Metrics-Repo-2010/camel/camel-1.4.csv,./dataset/data_new/Metrics-Repo-2010/camel/diffToPreviousRelease_camel-1.6.csv
dataset/original//Metrics-Repo-2010/forrest/forrest-0.6.csv,./dataset/data_new/Metrics-Repo-2010/forrest/diffToPreviousRelease_forrest-0.7.csv
dataset/original//Metrics-Repo-2010/forrest/forrest-0.7.csv,./dataset/data_new/Metrics-Repo-2010/forrest/diffToPreviousRelease_forrest-0.8.csv
dataset/original//Metrics-Repo-2010/jedit/jedit-3.2.csv,./dataset/data_new/Metrics-Repo-2010/jedit/diffToPreviousRelease_jedit-4.0.csv
dataset/original//Metrics-Repo-2010/jedit/jedit-4.0.csv,./dataset/data_new/Metrics-Repo-2010/jedit/diffToPreviousRelease_jedit-4.1.csv
dataset/original//Metrics-Repo-2010/jedit/jedit-4.1.csv,./dataset/data_new/Metrics-Repo-2010/jedit/diffToPreviousRelease_jedit-4.2.csv
dataset/original//Metrics-Repo-2010/jedit/jedit-4.2.csv,./dataset/data_new/Metrics-Repo-2010/jedit/diffToPreviousRelease_jedit-4.3.csv
dataset/original//Metrics-Repo-2010/log4j/log4j-1.0.csv,./dataset/data_new/Metrics-Repo-2010/log4j/diffToPreviousRelease_log4j-1.1.csv
dataset/original//Metrics-Repo-2010/log4j/log4j-1.1.csv,./dataset/data_new/Metrics-Repo-2010/log4j/diffToPreviousRelease_log4j-1.2.csv
dataset/original//Metrics-Repo-2010/lucene/lucene-2.0.csv,./dataset/data_new/Metrics-Repo-2010/lucene/diffToPreviousRelease_lucene-2.2.csv
dataset/original//Metrics-Repo-2010/lucene/lucene-2.2.csv,./dataset/data_new/Metrics-Repo-2010/lucene/diffToPreviousRelease_lucene-2.4.csv
dataset/original//Metrics-Repo-2010/pbeans/pbeans-1.0.csv,./dataset/data_new/Metrics-Repo-2010/pbeans/diffToPreviousRelease_pbeans-2.0.csv
dataset/original//Metrics-Repo-2010/poi/poi-1.5.csv,./dataset/data_new/Metrics-Repo-2010/poi/diffToPreviousRelease_poi-2.0.csv
dataset/original//Metrics-Repo-2010/poi/poi-2.0.csv,./dataset/data_new/Metrics-Repo-2010/poi/diffToPreviousRelease_poi-2.5.csv
dataset/original//Metrics-Repo-2010/poi/poi-2.5.csv,./dataset/data_new/Metrics-Repo-2010/poi/diffToPreviousRelease_poi-3.0.csv
dataset/original//Metrics-Repo-2010/synapse/synapse-1.0.csv,./dataset/data_new/Metrics-Repo-2010/synapse/diffToPreviousRelease_synapse-1.1.csv
dataset/original//Metrics-Repo-2010/synapse/synapse-1.1.csv,./dataset/data_new/Metrics-Repo-2010/synapse/diffToPreviousRelease_synapse-1.2.csv
dataset/original//Metrics-Repo-2010/velocity/velocity-1.4.csv,./dataset/data_new/Metrics-Repo-2010/velocity/diffToPreviousRelease_velocity-1.5.csv
dataset/original//Metrics-Repo-2010/velocity/velocity-1.5.csv,./dataset/data_new/Metrics-Repo-2010/velocity/diffToPreviousRelease_velocity-1.6.csv
dataset/original//Metrics-Repo-2010/xalan/xalan-2.4.csv,./dataset/data_new/Metrics-Repo-2010/xalan/diffToPreviousRelease_xalan-2.5.csv
dataset/original//Metrics-Repo-2010/xalan/xalan-2.5.csv,./dataset/data_new/Metrics-Repo-2010/xalan/diffToPreviousRelease_xalan-2.6.csv
dataset/original//Metrics-Repo-2010/xalan/xalan-2.6.csv,./dataset/data_new/Metrics-Repo-2010/xalan/diffToPreviousRelease_xalan-2.7.csv
dataset/original//Metrics-Repo-2010/xerces/xerces-0.init.csv,./dataset/data_new/Metrics-Repo-2010/xerces/diffToPreviousRelease_xerces-1.2.csv
dataset/original//Metrics-Repo-2010/xerces/xerces-1.2.csv,./dataset/data_new/Metrics-Repo-2010/xerces/diffToPreviousRelease_xerces-1.3.csv
dataset/original//Metrics-Repo-2010/xerces/xerces-1.3.csv,./dataset/data_new/Metrics-Repo-2010/xerces/diffToPreviousRelease_xerces-1.4.csv
