,dataset,project,old_udb_path,new_udb_path,old_release_name,new_release_name,module_type
1,ECLIPSE-2007,eclipse,udb/ECLIPSE-2007/eclipse/eclipse-2.0.udb,udb/ECLIPSE-2007/eclipse/eclipse-2.1.udb,eclipse-2.0,eclipse-2.1,class
2,ECLIPSE-2007,eclipse,udb/ECLIPSE-2007/eclipse/eclipse-2.1.udb,udb/ECLIPSE-2007/eclipse/eclipse-3.0.udb,eclipse-2.1,eclipse-3.0,class
3,IND-JLMIV+R-2020,ant-ivy,udb/IND-JLMIV+R-2020/ant-ivy/ant-ivy-1.4.1.udb,udb/IND-JLMIV+R-2020/ant-ivy/ant-ivy-2.0.0.udb,ant-ivy-1.4.1,ant-ivy-2.0.0,class
4,IND-JLMIV+R-2020,ant-ivy,udb/IND-JLMIV+R-2020/ant-ivy/ant-ivy-2.0.0.udb,udb/IND-JLMIV+R-2020/ant-ivy/ant-ivy-2.1.0.udb,ant-ivy-2.0.0,ant-ivy-2.1.0,class
5,IND-JLMIV+R-2020,ant-ivy,udb/IND-JLMIV+R-2020/ant-ivy/ant-ivy-2.1.0.udb,udb/IND-JLMIV+R-2020/ant-ivy/ant-ivy-2.2.0.udb,ant-ivy-2.1.0,ant-ivy-2.2.0,class
6,IND-JLMIV+R-2020,ant-ivy,udb/IND-JLMIV+R-2020/ant-ivy/ant-ivy-2.2.0.udb,udb/IND-JLMIV+R-2020/ant-ivy/ant-ivy-2.3.0.udb,ant-ivy-2.2.0,ant-ivy-2.3.0,class
7,IND-JLMIV+R-2020,ant-ivy,udb/IND-JLMIV+R-2020/ant-ivy/ant-ivy-2.3.0.udb,udb/IND-JLMIV+R-2020/ant-ivy/ant-ivy-2.4.0.udb,ant-ivy-2.3.0,ant-ivy-2.4.0,class
8,IND-JLMIV+R-2020,archiva,udb/IND-JLMIV+R-2020/archiva/archiva-1.0.udb,udb/IND-JLMIV+R-2020/archiva/archiva-1.1.udb,archiva-1.0,archiva-1.1,class
9,IND-JLMIV+R-2020,archiva,udb/IND-JLMIV+R-2020/archiva/archiva-1.1.udb,udb/IND-JLMIV+R-2020/archiva/archiva-1.2.udb,archiva-1.1,archiva-1.2,class
10,IND-JLMIV+R-2020,archiva,udb/IND-JLMIV+R-2020/archiva/archiva-1.2.udb,udb/IND-JLMIV+R-2020/archiva/archiva-1.3.udb,archiva-1.2,archiva-1.3,class
11,IND-JLMIV+R-2020,archiva,udb/IND-JLMIV+R-2020/archiva/archiva-1.3.udb,udb/IND-JLMIV+R-2020/archiva/archiva-2.0.0.udb,archiva-1.3,archiva-2.0.0,class
12,IND-JLMIV+R-2020,archiva,udb/IND-JLMIV+R-2020/archiva/archiva-2.0.0.udb,udb/IND-JLMIV+R-2020/archiva/archiva-2.1.0.udb,archiva-2.0.0,archiva-2.1.0,class
13,IND-JLMIV+R-2020,archiva,udb/IND-JLMIV+R-2020/archiva/archiva-2.1.0.udb,udb/IND-JLMIV+R-2020/archiva/archiva-2.2.0.udb,archiva-2.1.0,archiva-2.2.0,class
14,IND-JLMIV+R-2020,calcite,udb/IND-JLMIV+R-2020/calcite/calcite-1.0.0.udb,udb/IND-JLMIV+R-2020/calcite/calcite-1.1.0.udb,calcite-1.0.0,calcite-1.1.0,class
15,IND-JLMIV+R-2020,calcite,udb/IND-JLMIV+R-2020/calcite/calcite-1.1.0.udb,udb/IND-JLMIV+R-2020/calcite/calcite-1.10.0.udb,calcite-1.1.0,calcite-1.10.0,class
16,IND-JLMIV+R-2020,calcite,udb/IND-JLMIV+R-2020/calcite/calcite-1.10.0.udb,udb/IND-JLMIV+R-2020/calcite/calcite-1.11.0.udb,calcite-1.10.0,calcite-1.11.0,class
17,IND-JLMIV+R-2020,calcite,udb/IND-JLMIV+R-2020/calcite/calcite-1.11.0.udb,udb/IND-JLMIV+R-2020/calcite/calcite-1.12.0.udb,calcite-1.11.0,calcite-1.12.0,class
18,IND-JLMIV+R-2020,calcite,udb/IND-JLMIV+R-2020/calcite/calcite-1.12.0.udb,udb/IND-JLMIV+R-2020/calcite/calcite-1.13.0.udb,calcite-1.12.0,calcite-1.13.0,class
19,IND-JLMIV+R-2020,calcite,udb/IND-JLMIV+R-2020/calcite/calcite-1.13.0.udb,udb/IND-JLMIV+R-2020/calcite/calcite-1.14.0.udb,calcite-1.13.0,calcite-1.14.0,class
20,IND-JLMIV+R-2020,calcite,udb/IND-JLMIV+R-2020/calcite/calcite-1.14.0.udb,udb/IND-JLMIV+R-2020/calcite/calcite-1.15.0.udb,calcite-1.14.0,calcite-1.15.0,class
21,IND-JLMIV+R-2020,calcite,udb/IND-JLMIV+R-2020/calcite/calcite-1.15.0.udb,udb/IND-JLMIV+R-2020/calcite/calcite-1.2.0.udb,calcite-1.15.0,calcite-1.2.0,class
22,IND-JLMIV+R-2020,calcite,udb/IND-JLMIV+R-2020/calcite/calcite-1.2.0.udb,udb/IND-JLMIV+R-2020/calcite/calcite-1.3.0.udb,calcite-1.2.0,calcite-1.3.0,class
23,IND-JLMIV+R-2020,calcite,udb/IND-JLMIV+R-2020/calcite/calcite-1.3.0.udb,udb/IND-JLMIV+R-2020/calcite/calcite-1.4.0.udb,calcite-1.3.0,calcite-1.4.0,class
24,IND-JLMIV+R-2020,calcite,udb/IND-JLMIV+R-2020/calcite/calcite-1.4.0.udb,udb/IND-JLMIV+R-2020/calcite/calcite-1.5.0.udb,calcite-1.4.0,calcite-1.5.0,class
25,IND-JLMIV+R-2020,calcite,udb/IND-JLMIV+R-2020/calcite/calcite-1.5.0.udb,udb/IND-JLMIV+R-2020/calcite/calcite-1.6.0.udb,calcite-1.5.0,calcite-1.6.0,class
26,IND-JLMIV+R-2020,calcite,udb/IND-JLMIV+R-2020/calcite/calcite-1.6.0.udb,udb/IND-JLMIV+R-2020/calcite/calcite-1.7.0.udb,calcite-1.6.0,calcite-1.7.0,class
27,IND-JLMIV+R-2020,calcite,udb/IND-JLMIV+R-2020/calcite/calcite-1.7.0.udb,udb/IND-JLMIV+R-2020/calcite/calcite-1.8.0.udb,calcite-1.7.0,calcite-1.8.0,class
28,IND-JLMIV+R-2020,calcite,udb/IND-JLMIV+R-2020/calcite/calcite-1.8.0.udb,udb/IND-JLMIV+R-2020/calcite/calcite-1.9.0.udb,calcite-1.8.0,calcite-1.9.0,class
29,IND-JLMIV+R-2020,cayenne,udb/IND-JLMIV+R-2020/cayenne/cayenne-3.0.0.udb,udb/IND-JLMIV+R-2020/cayenne/cayenne-3.1.0.udb,cayenne-3.0.0,cayenne-3.1.0,class
30,IND-JLMIV+R-2020,commons-bcel,udb/IND-JLMIV+R-2020/commons-bcel/commons-bcel-5.0.udb,udb/IND-JLMIV+R-2020/commons-bcel/commons-bcel-5.1.udb,commons-bcel-5.0,commons-bcel-5.1,class
31,IND-JLMIV+R-2020,commons-bcel,udb/IND-JLMIV+R-2020/commons-bcel/commons-bcel-5.1.udb,udb/IND-JLMIV+R-2020/commons-bcel/commons-bcel-5.2.udb,commons-bcel-5.1,commons-bcel-5.2,class
32,IND-JLMIV+R-2020,commons-bcel,udb/IND-JLMIV+R-2020/commons-bcel/commons-bcel-5.2.udb,udb/IND-JLMIV+R-2020/commons-bcel/commons-bcel-6.0.udb,commons-bcel-5.2,commons-bcel-6.0,class
33,IND-JLMIV+R-2020,commons-bcel,udb/IND-JLMIV+R-2020/commons-bcel/commons-bcel-6.0.udb,udb/IND-JLMIV+R-2020/commons-bcel/commons-bcel-6.1.udb,commons-bcel-6.0,commons-bcel-6.1,class
34,IND-JLMIV+R-2020,commons-bcel,udb/IND-JLMIV+R-2020/commons-bcel/commons-bcel-6.1.udb,udb/IND-JLMIV+R-2020/commons-bcel/commons-bcel-6.2.udb,commons-bcel-6.1,commons-bcel-6.2,class
35,IND-JLMIV+R-2020,commons-beanutils,udb/IND-JLMIV+R-2020/commons-beanutils/commons-beanutils-1.0.udb,udb/IND-JLMIV+R-2020/commons-beanutils/commons-beanutils-1.1.udb,commons-beanutils-1.0,commons-beanutils-1.1,class
36,IND-JLMIV+R-2020,commons-beanutils,udb/IND-JLMIV+R-2020/commons-beanutils/commons-beanutils-1.1.udb,udb/IND-JLMIV+R-2020/commons-beanutils/commons-beanutils-1.2.udb,commons-beanutils-1.1,commons-beanutils-1.2,class
37,IND-JLMIV+R-2020,commons-beanutils,udb/IND-JLMIV+R-2020/commons-beanutils/commons-beanutils-1.2.udb,udb/IND-JLMIV+R-2020/commons-beanutils/commons-beanutils-1.3.udb,commons-beanutils-1.2,commons-beanutils-1.3,class
38,IND-JLMIV+R-2020,commons-beanutils,udb/IND-JLMIV+R-2020/commons-beanutils/commons-beanutils-1.3.udb,udb/IND-JLMIV+R-2020/commons-beanutils/commons-beanutils-1.4.udb,commons-beanutils-1.3,commons-beanutils-1.4,class
39,IND-JLMIV+R-2020,commons-beanutils,udb/IND-JLMIV+R-2020/commons-beanutils/commons-beanutils-1.4.udb,udb/IND-JLMIV+R-2020/commons-beanutils/commons-beanutils-1.5.udb,commons-beanutils-1.4,commons-beanutils-1.5,class
40,IND-JLMIV+R-2020,commons-beanutils,udb/IND-JLMIV+R-2020/commons-beanutils/commons-beanutils-1.5.udb,udb/IND-JLMIV+R-2020/commons-beanutils/commons-beanutils-1.6.udb,commons-beanutils-1.5,commons-beanutils-1.6,class
41,IND-JLMIV+R-2020,commons-beanutils,udb/IND-JLMIV+R-2020/commons-beanutils/commons-beanutils-1.6.udb,udb/IND-JLMIV+R-2020/commons-beanutils/commons-beanutils-1.7.0.udb,commons-beanutils-1.6,commons-beanutils-1.7.0,class
42,IND-JLMIV+R-2020,commons-beanutils,udb/IND-JLMIV+R-2020/commons-beanutils/commons-beanutils-1.7.0.udb,udb/IND-JLMIV+R-2020/commons-beanutils/commons-beanutils-1.8.0.udb,commons-beanutils-1.7.0,commons-beanutils-1.8.0,class
43,IND-JLMIV+R-2020,commons-beanutils,udb/IND-JLMIV+R-2020/commons-beanutils/commons-beanutils-1.8.0.udb,udb/IND-JLMIV+R-2020/commons-beanutils/commons-beanutils-1.9.0.udb,commons-beanutils-1.8.0,commons-beanutils-1.9.0,class
44,IND-JLMIV+R-2020,commons-codec,udb/IND-JLMIV+R-2020/commons-codec/commons-codec-1.1.udb,udb/IND-JLMIV+R-2020/commons-codec/commons-codec-1.10.udb,commons-codec-1.1,commons-codec-1.10,class
45,IND-JLMIV+R-2020,commons-codec,udb/IND-JLMIV+R-2020/commons-codec/commons-codec-1.10.udb,udb/IND-JLMIV+R-2020/commons-codec/commons-codec-1.11.udb,commons-codec-1.10,commons-codec-1.11,class
46,IND-JLMIV+R-2020,commons-codec,udb/IND-JLMIV+R-2020/commons-codec/commons-codec-1.11.udb,udb/IND-JLMIV+R-2020/commons-codec/commons-codec-1.2.udb,commons-codec-1.11,commons-codec-1.2,class
47,IND-JLMIV+R-2020,commons-codec,udb/IND-JLMIV+R-2020/commons-codec/commons-codec-1.2.udb,udb/IND-JLMIV+R-2020/commons-codec/commons-codec-1.3.udb,commons-codec-1.2,commons-codec-1.3,class
48,IND-JLMIV+R-2020,commons-codec,udb/IND-JLMIV+R-2020/commons-codec/commons-codec-1.3.udb,udb/IND-JLMIV+R-2020/commons-codec/commons-codec-1.4.udb,commons-codec-1.3,commons-codec-1.4,class
49,IND-JLMIV+R-2020,commons-codec,udb/IND-JLMIV+R-2020/commons-codec/commons-codec-1.4.udb,udb/IND-JLMIV+R-2020/commons-codec/commons-codec-1.5.udb,commons-codec-1.4,commons-codec-1.5,class
50,IND-JLMIV+R-2020,commons-codec,udb/IND-JLMIV+R-2020/commons-codec/commons-codec-1.5.udb,udb/IND-JLMIV+R-2020/commons-codec/commons-codec-1.6.udb,commons-codec-1.5,commons-codec-1.6,class
51,IND-JLMIV+R-2020,commons-codec,udb/IND-JLMIV+R-2020/commons-codec/commons-codec-1.6.udb,udb/IND-JLMIV+R-2020/commons-codec/commons-codec-1.7.udb,commons-codec-1.6,commons-codec-1.7,class
52,IND-JLMIV+R-2020,commons-codec,udb/IND-JLMIV+R-2020/commons-codec/commons-codec-1.7.udb,udb/IND-JLMIV+R-2020/commons-codec/commons-codec-1.8.udb,commons-codec-1.7,commons-codec-1.8,class
53,IND-JLMIV+R-2020,commons-codec,udb/IND-JLMIV+R-2020/commons-codec/commons-codec-1.8.udb,udb/IND-JLMIV+R-2020/commons-codec/commons-codec-1.9.udb,commons-codec-1.8,commons-codec-1.9,class
54,IND-JLMIV+R-2020,commons-collections,udb/IND-JLMIV+R-2020/commons-collections/commons-collections-1.0.udb,udb/IND-JLMIV+R-2020/commons-collections/commons-collections-2.0.udb,commons-collections-1.0,commons-collections-2.0,class
55,IND-JLMIV+R-2020,commons-collections,udb/IND-JLMIV+R-2020/commons-collections/commons-collections-2.0.udb,udb/IND-JLMIV+R-2020/commons-collections/commons-collections-2.1.udb,commons-collections-2.0,commons-collections-2.1,class
56,IND-JLMIV+R-2020,commons-collections,udb/IND-JLMIV+R-2020/commons-collections/commons-collections-2.1.udb,udb/IND-JLMIV+R-2020/commons-collections/commons-collections-3.0.udb,commons-collections-2.1,commons-collections-3.0,class
57,IND-JLMIV+R-2020,commons-collections,udb/IND-JLMIV+R-2020/commons-collections/commons-collections-3.0.udb,udb/IND-JLMIV+R-2020/commons-collections/commons-collections-3.1.udb,commons-collections-3.0,commons-collections-3.1,class
58,IND-JLMIV+R-2020,commons-collections,udb/IND-JLMIV+R-2020/commons-collections/commons-collections-3.1.udb,udb/IND-JLMIV+R-2020/commons-collections/commons-collections-3.2.udb,commons-collections-3.1,commons-collections-3.2,class
59,IND-JLMIV+R-2020,commons-collections,udb/IND-JLMIV+R-2020/commons-collections/commons-collections-3.2.udb,udb/IND-JLMIV+R-2020/commons-collections/commons-collections-3.3.udb,commons-collections-3.2,commons-collections-3.3,class
60,IND-JLMIV+R-2020,commons-collections,udb/IND-JLMIV+R-2020/commons-collections/commons-collections-3.3.udb,udb/IND-JLMIV+R-2020/commons-collections/commons-collections-4.0.udb,commons-collections-3.3,commons-collections-4.0,class
61,IND-JLMIV+R-2020,commons-collections,udb/IND-JLMIV+R-2020/commons-collections/commons-collections-4.0.udb,udb/IND-JLMIV+R-2020/commons-collections/commons-collections-4.1.udb,commons-collections-4.0,commons-collections-4.1,class
62,IND-JLMIV+R-2020,commons-compress,udb/IND-JLMIV+R-2020/commons-compress/commons-compress-1.0.udb,udb/IND-JLMIV+R-2020/commons-compress/commons-compress-1.1.udb,commons-compress-1.0,commons-compress-1.1,class
63,IND-JLMIV+R-2020,commons-compress,udb/IND-JLMIV+R-2020/commons-compress/commons-compress-1.1.udb,udb/IND-JLMIV+R-2020/commons-compress/commons-compress-1.10.udb,commons-compress-1.1,commons-compress-1.10,class
64,IND-JLMIV+R-2020,commons-compress,udb/IND-JLMIV+R-2020/commons-compress/commons-compress-1.10.udb,udb/IND-JLMIV+R-2020/commons-compress/commons-compress-1.11.udb,commons-compress-1.10,commons-compress-1.11,class
65,IND-JLMIV+R-2020,commons-compress,udb/IND-JLMIV+R-2020/commons-compress/commons-compress-1.11.udb,udb/IND-JLMIV+R-2020/commons-compress/commons-compress-1.12.udb,commons-compress-1.11,commons-compress-1.12,class
66,IND-JLMIV+R-2020,commons-compress,udb/IND-JLMIV+R-2020/commons-compress/commons-compress-1.12.udb,udb/IND-JLMIV+R-2020/commons-compress/commons-compress-1.13.udb,commons-compress-1.12,commons-compress-1.13,class
67,IND-JLMIV+R-2020,commons-compress,udb/IND-JLMIV+R-2020/commons-compress/commons-compress-1.13.udb,udb/IND-JLMIV+R-2020/commons-compress/commons-compress-1.14.udb,commons-compress-1.13,commons-compress-1.14,class
68,IND-JLMIV+R-2020,commons-compress,udb/IND-JLMIV+R-2020/commons-compress/commons-compress-1.14.udb,udb/IND-JLMIV+R-2020/commons-compress/commons-compress-1.15.udb,commons-compress-1.14,commons-compress-1.15,class
69,IND-JLMIV+R-2020,commons-compress,udb/IND-JLMIV+R-2020/commons-compress/commons-compress-1.15.udb,udb/IND-JLMIV+R-2020/commons-compress/commons-compress-1.16.udb,commons-compress-1.15,commons-compress-1.16,class
70,IND-JLMIV+R-2020,commons-compress,udb/IND-JLMIV+R-2020/commons-compress/commons-compress-1.16.udb,udb/IND-JLMIV+R-2020/commons-compress/commons-compress-1.2.udb,commons-compress-1.16,commons-compress-1.2,class
71,IND-JLMIV+R-2020,commons-compress,udb/IND-JLMIV+R-2020/commons-compress/commons-compress-1.2.udb,udb/IND-JLMIV+R-2020/commons-compress/commons-compress-1.3.udb,commons-compress-1.2,commons-compress-1.3,class
72,IND-JLMIV+R-2020,commons-compress,udb/IND-JLMIV+R-2020/commons-compress/commons-compress-1.3.udb,udb/IND-JLMIV+R-2020/commons-compress/commons-compress-1.4.udb,commons-compress-1.3,commons-compress-1.4,class
73,IND-JLMIV+R-2020,commons-compress,udb/IND-JLMIV+R-2020/commons-compress/commons-compress-1.4.udb,udb/IND-JLMIV+R-2020/commons-compress/commons-compress-1.5.udb,commons-compress-1.4,commons-compress-1.5,class
74,IND-JLMIV+R-2020,commons-compress,udb/IND-JLMIV+R-2020/commons-compress/commons-compress-1.5.udb,udb/IND-JLMIV+R-2020/commons-compress/commons-compress-1.6.udb,commons-compress-1.5,commons-compress-1.6,class
75,IND-JLMIV+R-2020,commons-compress,udb/IND-JLMIV+R-2020/commons-compress/commons-compress-1.6.udb,udb/IND-JLMIV+R-2020/commons-compress/commons-compress-1.7.udb,commons-compress-1.6,commons-compress-1.7,class
76,IND-JLMIV+R-2020,commons-compress,udb/IND-JLMIV+R-2020/commons-compress/commons-compress-1.7.udb,udb/IND-JLMIV+R-2020/commons-compress/commons-compress-1.8.udb,commons-compress-1.7,commons-compress-1.8,class
77,IND-JLMIV+R-2020,commons-compress,udb/IND-JLMIV+R-2020/commons-compress/commons-compress-1.8.udb,udb/IND-JLMIV+R-2020/commons-compress/commons-compress-1.9.udb,commons-compress-1.8,commons-compress-1.9,class
78,IND-JLMIV+R-2020,commons-configuration,udb/IND-JLMIV+R-2020/commons-configuration/commons-configuration-1.0.udb,udb/IND-JLMIV+R-2020/commons-configuration/commons-configuration-1.1.udb,commons-configuration-1.0,commons-configuration-1.1,class
79,IND-JLMIV+R-2020,commons-configuration,udb/IND-JLMIV+R-2020/commons-configuration/commons-configuration-1.1.udb,udb/IND-JLMIV+R-2020/commons-configuration/commons-configuration-1.10.udb,commons-configuration-1.1,commons-configuration-1.10,class
80,IND-JLMIV+R-2020,commons-configuration,udb/IND-JLMIV+R-2020/commons-configuration/commons-configuration-1.10.udb,udb/IND-JLMIV+R-2020/commons-configuration/commons-configuration-1.2.udb,commons-configuration-1.10,commons-configuration-1.2,class
81,IND-JLMIV+R-2020,commons-configuration,udb/IND-JLMIV+R-2020/commons-configuration/commons-configuration-1.2.udb,udb/IND-JLMIV+R-2020/commons-configuration/commons-configuration-1.3.udb,commons-configuration-1.2,commons-configuration-1.3,class
82,IND-JLMIV+R-2020,commons-configuration,udb/IND-JLMIV+R-2020/commons-configuration/commons-configuration-1.3.udb,udb/IND-JLMIV+R-2020/commons-configuration/commons-configuration-1.4.udb,commons-configuration-1.3,commons-configuration-1.4,class
83,IND-JLMIV+R-2020,commons-configuration,udb/IND-JLMIV+R-2020/commons-configuration/commons-configuration-1.4.udb,udb/IND-JLMIV+R-2020/commons-configuration/commons-configuration-1.5.udb,commons-configuration-1.4,commons-configuration-1.5,class
84,IND-JLMIV+R-2020,commons-configuration,udb/IND-JLMIV+R-2020/commons-configuration/commons-configuration-1.5.udb,udb/IND-JLMIV+R-2020/commons-configuration/commons-configuration-1.6.udb,commons-configuration-1.5,commons-configuration-1.6,class
85,IND-JLMIV+R-2020,commons-configuration,udb/IND-JLMIV+R-2020/commons-configuration/commons-configuration-1.6.udb,udb/IND-JLMIV+R-2020/commons-configuration/commons-configuration-1.7.udb,commons-configuration-1.6,commons-configuration-1.7,class
86,IND-JLMIV+R-2020,commons-configuration,udb/IND-JLMIV+R-2020/commons-configuration/commons-configuration-1.7.udb,udb/IND-JLMIV+R-2020/commons-configuration/commons-configuration-1.8.udb,commons-configuration-1.7,commons-configuration-1.8,class
87,IND-JLMIV+R-2020,commons-configuration,udb/IND-JLMIV+R-2020/commons-configuration/commons-configuration-1.8.udb,udb/IND-JLMIV+R-2020/commons-configuration/commons-configuration-1.9.udb,commons-configuration-1.8,commons-configuration-1.9,class
88,IND-JLMIV+R-2020,commons-configuration,udb/IND-JLMIV+R-2020/commons-configuration/commons-configuration-1.9.udb,udb/IND-JLMIV+R-2020/commons-configuration/commons-configuration-2.0.udb,commons-configuration-1.9,commons-configuration-2.0,class
89,IND-JLMIV+R-2020,commons-configuration,udb/IND-JLMIV+R-2020/commons-configuration/commons-configuration-2.0.udb,udb/IND-JLMIV+R-2020/commons-configuration/commons-configuration-2.1.udb,commons-configuration-2.0,commons-configuration-2.1,class
90,IND-JLMIV+R-2020,commons-configuration,udb/IND-JLMIV+R-2020/commons-configuration/commons-configuration-2.1.udb,udb/IND-JLMIV+R-2020/commons-configuration/commons-configuration-2.2.udb,commons-configuration-2.1,commons-configuration-2.2,class
91,IND-JLMIV+R-2020,commons-dbcp,udb/IND-JLMIV+R-2020/commons-dbcp/commons-dbcp-1.0.udb,udb/IND-JLMIV+R-2020/commons-dbcp/commons-dbcp-1.1.udb,commons-dbcp-1.0,commons-dbcp-1.1,class
92,IND-JLMIV+R-2020,commons-dbcp,udb/IND-JLMIV+R-2020/commons-dbcp/commons-dbcp-1.1.udb,udb/IND-JLMIV+R-2020/commons-dbcp/commons-dbcp-1.2.udb,commons-dbcp-1.1,commons-dbcp-1.2,class
93,IND-JLMIV+R-2020,commons-dbcp,udb/IND-JLMIV+R-2020/commons-dbcp/commons-dbcp-1.2.udb,udb/IND-JLMIV+R-2020/commons-dbcp/commons-dbcp-1.3.udb,commons-dbcp-1.2,commons-dbcp-1.3,class
94,IND-JLMIV+R-2020,commons-dbcp,udb/IND-JLMIV+R-2020/commons-dbcp/commons-dbcp-1.3.udb,udb/IND-JLMIV+R-2020/commons-dbcp/commons-dbcp-1.4.udb,commons-dbcp-1.3,commons-dbcp-1.4,class
95,IND-JLMIV+R-2020,commons-dbcp,udb/IND-JLMIV+R-2020/commons-dbcp/commons-dbcp-1.4.udb,udb/IND-JLMIV+R-2020/commons-dbcp/commons-dbcp-2.0.udb,commons-dbcp-1.4,commons-dbcp-2.0,class
96,IND-JLMIV+R-2020,commons-dbcp,udb/IND-JLMIV+R-2020/commons-dbcp/commons-dbcp-2.0.udb,udb/IND-JLMIV+R-2020/commons-dbcp/commons-dbcp-2.1.udb,commons-dbcp-2.0,commons-dbcp-2.1,class
97,IND-JLMIV+R-2020,commons-dbcp,udb/IND-JLMIV+R-2020/commons-dbcp/commons-dbcp-2.1.udb,udb/IND-JLMIV+R-2020/commons-dbcp/commons-dbcp-2.2.0.udb,commons-dbcp-2.1,commons-dbcp-2.2.0,class
98,IND-JLMIV+R-2020,commons-dbcp,udb/IND-JLMIV+R-2020/commons-dbcp/commons-dbcp-2.2.0.udb,udb/IND-JLMIV+R-2020/commons-dbcp/commons-dbcp-2.2.udb,commons-dbcp-2.2.0,commons-dbcp-2.2,class
99,IND-JLMIV+R-2020,commons-dbcp,udb/IND-JLMIV+R-2020/commons-dbcp/commons-dbcp-2.2.udb,udb/IND-JLMIV+R-2020/commons-dbcp/commons-dbcp-2.3.0.udb,commons-dbcp-2.2,commons-dbcp-2.3.0,class
100,IND-JLMIV+R-2020,commons-dbcp,udb/IND-JLMIV+R-2020/commons-dbcp/commons-dbcp-2.3.0.udb,udb/IND-JLMIV+R-2020/commons-dbcp/commons-dbcp-2.3.udb,commons-dbcp-2.3.0,commons-dbcp-2.3,class
101,IND-JLMIV+R-2020,commons-dbcp,udb/IND-JLMIV+R-2020/commons-dbcp/commons-dbcp-2.3.udb,udb/IND-JLMIV+R-2020/commons-dbcp/commons-dbcp-2.4.0.udb,commons-dbcp-2.3,commons-dbcp-2.4.0,class
102,IND-JLMIV+R-2020,commons-dbcp,udb/IND-JLMIV+R-2020/commons-dbcp/commons-dbcp-2.4.0.udb,udb/IND-JLMIV+R-2020/commons-dbcp/commons-dbcp-2.4.udb,commons-dbcp-2.4.0,commons-dbcp-2.4,class
103,IND-JLMIV+R-2020,commons-dbcp,udb/IND-JLMIV+R-2020/commons-dbcp/commons-dbcp-2.4.udb,udb/IND-JLMIV+R-2020/commons-dbcp/commons-dbcp-2.5.0.udb,commons-dbcp-2.4,commons-dbcp-2.5.0,class
104,IND-JLMIV+R-2020,commons-dbcp,udb/IND-JLMIV+R-2020/commons-dbcp/commons-dbcp-2.5.0.udb,udb/IND-JLMIV+R-2020/commons-dbcp/commons-dbcp-2.5.udb,commons-dbcp-2.5.0,commons-dbcp-2.5,class
105,IND-JLMIV+R-2020,commons-digester,udb/IND-JLMIV+R-2020/commons-digester/commons-digester-1.0.udb,udb/IND-JLMIV+R-2020/commons-digester/commons-digester-1.1.udb,commons-digester-1.0,commons-digester-1.1,class
106,IND-JLMIV+R-2020,commons-digester,udb/IND-JLMIV+R-2020/commons-digester/commons-digester-1.1.udb,udb/IND-JLMIV+R-2020/commons-digester/commons-digester-1.2.udb,commons-digester-1.1,commons-digester-1.2,class
107,IND-JLMIV+R-2020,commons-digester,udb/IND-JLMIV+R-2020/commons-digester/commons-digester-1.2.udb,udb/IND-JLMIV+R-2020/commons-digester/commons-digester-1.3.udb,commons-digester-1.2,commons-digester-1.3,class
108,IND-JLMIV+R-2020,commons-digester,udb/IND-JLMIV+R-2020/commons-digester/commons-digester-1.3.udb,udb/IND-JLMIV+R-2020/commons-digester/commons-digester-1.4.udb,commons-digester-1.3,commons-digester-1.4,class
109,IND-JLMIV+R-2020,commons-digester,udb/IND-JLMIV+R-2020/commons-digester/commons-digester-1.4.udb,udb/IND-JLMIV+R-2020/commons-digester/commons-digester-1.5.udb,commons-digester-1.4,commons-digester-1.5,class
110,IND-JLMIV+R-2020,commons-digester,udb/IND-JLMIV+R-2020/commons-digester/commons-digester-1.5.udb,udb/IND-JLMIV+R-2020/commons-digester/commons-digester-1.6.udb,commons-digester-1.5,commons-digester-1.6,class
111,IND-JLMIV+R-2020,commons-digester,udb/IND-JLMIV+R-2020/commons-digester/commons-digester-1.6.udb,udb/IND-JLMIV+R-2020/commons-digester/commons-digester-1.7.udb,commons-digester-1.6,commons-digester-1.7,class
112,IND-JLMIV+R-2020,commons-digester,udb/IND-JLMIV+R-2020/commons-digester/commons-digester-1.7.udb,udb/IND-JLMIV+R-2020/commons-digester/commons-digester-1.8.udb,commons-digester-1.7,commons-digester-1.8,class
113,IND-JLMIV+R-2020,commons-digester,udb/IND-JLMIV+R-2020/commons-digester/commons-digester-1.8.udb,udb/IND-JLMIV+R-2020/commons-digester/commons-digester-2.0.udb,commons-digester-1.8,commons-digester-2.0,class
114,IND-JLMIV+R-2020,commons-digester,udb/IND-JLMIV+R-2020/commons-digester/commons-digester-2.0.udb,udb/IND-JLMIV+R-2020/commons-digester/commons-digester-2.1.udb,commons-digester-2.0,commons-digester-2.1,class
115,IND-JLMIV+R-2020,commons-digester,udb/IND-JLMIV+R-2020/commons-digester/commons-digester-2.1.udb,udb/IND-JLMIV+R-2020/commons-digester/commons-digester-3.0.udb,commons-digester-2.1,commons-digester-3.0,class
116,IND-JLMIV+R-2020,commons-digester,udb/IND-JLMIV+R-2020/commons-digester/commons-digester-3.0.udb,udb/IND-JLMIV+R-2020/commons-digester/commons-digester-3.1.udb,commons-digester-3.0,commons-digester-3.1,class
117,IND-JLMIV+R-2020,commons-digester,udb/IND-JLMIV+R-2020/commons-digester/commons-digester-3.1.udb,udb/IND-JLMIV+R-2020/commons-digester/commons-digester-3.2.udb,commons-digester-3.1,commons-digester-3.2,class
118,IND-JLMIV+R-2020,commons-io,udb/IND-JLMIV+R-2020/commons-io/commons-io-1.0.udb,udb/IND-JLMIV+R-2020/commons-io/commons-io-1.1.udb,commons-io-1.0,commons-io-1.1,class
119,IND-JLMIV+R-2020,commons-io,udb/IND-JLMIV+R-2020/commons-io/commons-io-1.1.udb,udb/IND-JLMIV+R-2020/commons-io/commons-io-1.2.udb,commons-io-1.1,commons-io-1.2,class
120,IND-JLMIV+R-2020,commons-io,udb/IND-JLMIV+R-2020/commons-io/commons-io-1.2.udb,udb/IND-JLMIV+R-2020/commons-io/commons-io-1.3.udb,commons-io-1.2,commons-io-1.3,class
121,IND-JLMIV+R-2020,commons-io,udb/IND-JLMIV+R-2020/commons-io/commons-io-1.3.udb,udb/IND-JLMIV+R-2020/commons-io/commons-io-1.4.udb,commons-io-1.3,commons-io-1.4,class
122,IND-JLMIV+R-2020,commons-io,udb/IND-JLMIV+R-2020/commons-io/commons-io-1.4.udb,udb/IND-JLMIV+R-2020/commons-io/commons-io-2.0.udb,commons-io-1.4,commons-io-2.0,class
123,IND-JLMIV+R-2020,commons-io,udb/IND-JLMIV+R-2020/commons-io/commons-io-2.0.udb,udb/IND-JLMIV+R-2020/commons-io/commons-io-2.1.udb,commons-io-2.0,commons-io-2.1,class
124,IND-JLMIV+R-2020,commons-io,udb/IND-JLMIV+R-2020/commons-io/commons-io-2.1.udb,udb/IND-JLMIV+R-2020/commons-io/commons-io-2.2.udb,commons-io-2.1,commons-io-2.2,class
125,IND-JLMIV+R-2020,commons-io,udb/IND-JLMIV+R-2020/commons-io/commons-io-2.2.udb,udb/IND-JLMIV+R-2020/commons-io/commons-io-2.3.udb,commons-io-2.2,commons-io-2.3,class
126,IND-JLMIV+R-2020,commons-io,udb/IND-JLMIV+R-2020/commons-io/commons-io-2.3.udb,udb/IND-JLMIV+R-2020/commons-io/commons-io-2.4.udb,commons-io-2.3,commons-io-2.4,class
127,IND-JLMIV+R-2020,commons-io,udb/IND-JLMIV+R-2020/commons-io/commons-io-2.4.udb,udb/IND-JLMIV+R-2020/commons-io/commons-io-2.5.udb,commons-io-2.4,commons-io-2.5,class
128,IND-JLMIV+R-2020,commons-jcs,udb/IND-JLMIV+R-2020/commons-jcs/commons-jcs-1.0.udb,udb/IND-JLMIV+R-2020/commons-jcs/commons-jcs-1.1.udb,commons-jcs-1.0,commons-jcs-1.1,class
129,IND-JLMIV+R-2020,commons-jcs,udb/IND-JLMIV+R-2020/commons-jcs/commons-jcs-1.1.udb,udb/IND-JLMIV+R-2020/commons-jcs/commons-jcs-1.3.udb,commons-jcs-1.1,commons-jcs-1.3,class
130,IND-JLMIV+R-2020,commons-jcs,udb/IND-JLMIV+R-2020/commons-jcs/commons-jcs-1.3.udb,udb/IND-JLMIV+R-2020/commons-jcs/commons-jcs-2.0.udb,commons-jcs-1.3,commons-jcs-2.0,class
131,IND-JLMIV+R-2020,commons-jcs,udb/IND-JLMIV+R-2020/commons-jcs/commons-jcs-2.0.udb,udb/IND-JLMIV+R-2020/commons-jcs/commons-jcs-2.1.udb,commons-jcs-2.0,commons-jcs-2.1,class
132,IND-JLMIV+R-2020,commons-jcs,udb/IND-JLMIV+R-2020/commons-jcs/commons-jcs-2.1.udb,udb/IND-JLMIV+R-2020/commons-jcs/commons-jcs-2.2.udb,commons-jcs-2.1,commons-jcs-2.2,class
133,IND-JLMIV+R-2020,commons-jexl,udb/IND-JLMIV+R-2020/commons-jexl/commons-jexl-1.0.udb,udb/IND-JLMIV+R-2020/commons-jexl/commons-jexl-1.1.udb,commons-jexl-1.0,commons-jexl-1.1,class
134,IND-JLMIV+R-2020,commons-jexl,udb/IND-JLMIV+R-2020/commons-jexl/commons-jexl-1.1.udb,udb/IND-JLMIV+R-2020/commons-jexl/commons-jexl-2.0.udb,commons-jexl-1.1,commons-jexl-2.0,class
135,IND-JLMIV+R-2020,commons-jexl,udb/IND-JLMIV+R-2020/commons-jexl/commons-jexl-2.0.udb,udb/IND-JLMIV+R-2020/commons-jexl/commons-jexl-2.1.udb,commons-jexl-2.0,commons-jexl-2.1,class
136,IND-JLMIV+R-2020,commons-jexl,udb/IND-JLMIV+R-2020/commons-jexl/commons-jexl-2.1.udb,udb/IND-JLMIV+R-2020/commons-jexl/commons-jexl-3.0.udb,commons-jexl-2.1,commons-jexl-3.0,class
137,IND-JLMIV+R-2020,commons-jexl,udb/IND-JLMIV+R-2020/commons-jexl/commons-jexl-3.0.udb,udb/IND-JLMIV+R-2020/commons-jexl/commons-jexl-3.1.udb,commons-jexl-3.0,commons-jexl-3.1,class
138,IND-JLMIV+R-2020,commons-lang,udb/IND-JLMIV+R-2020/commons-lang/commons-lang-1.0.udb,udb/IND-JLMIV+R-2020/commons-lang/commons-lang-2.0.udb,commons-lang-1.0,commons-lang-2.0,class
139,IND-JLMIV+R-2020,commons-lang,udb/IND-JLMIV+R-2020/commons-lang/commons-lang-2.0.udb,udb/IND-JLMIV+R-2020/commons-lang/commons-lang-2.1.udb,commons-lang-2.0,commons-lang-2.1,class
140,IND-JLMIV+R-2020,commons-lang,udb/IND-JLMIV+R-2020/commons-lang/commons-lang-2.1.udb,udb/IND-JLMIV+R-2020/commons-lang/commons-lang-2.2.udb,commons-lang-2.1,commons-lang-2.2,class
141,IND-JLMIV+R-2020,commons-lang,udb/IND-JLMIV+R-2020/commons-lang/commons-lang-2.2.udb,udb/IND-JLMIV+R-2020/commons-lang/commons-lang-2.3.udb,commons-lang-2.2,commons-lang-2.3,class
142,IND-JLMIV+R-2020,commons-lang,udb/IND-JLMIV+R-2020/commons-lang/commons-lang-2.3.udb,udb/IND-JLMIV+R-2020/commons-lang/commons-lang-2.4.udb,commons-lang-2.3,commons-lang-2.4,class
143,IND-JLMIV+R-2020,commons-lang,udb/IND-JLMIV+R-2020/commons-lang/commons-lang-2.4.udb,udb/IND-JLMIV+R-2020/commons-lang/commons-lang-2.5.udb,commons-lang-2.4,commons-lang-2.5,class
144,IND-JLMIV+R-2020,commons-lang,udb/IND-JLMIV+R-2020/commons-lang/commons-lang-2.5.udb,udb/IND-JLMIV+R-2020/commons-lang/commons-lang-2.6.udb,commons-lang-2.5,commons-lang-2.6,class
145,IND-JLMIV+R-2020,commons-lang,udb/IND-JLMIV+R-2020/commons-lang/commons-lang-2.6.udb,udb/IND-JLMIV+R-2020/commons-lang/commons-lang-3.0.udb,commons-lang-2.6,commons-lang-3.0,class
146,IND-JLMIV+R-2020,commons-lang,udb/IND-JLMIV+R-2020/commons-lang/commons-lang-3.0.udb,udb/IND-JLMIV+R-2020/commons-lang/commons-lang-3.1.udb,commons-lang-3.0,commons-lang-3.1,class
147,IND-JLMIV+R-2020,commons-lang,udb/IND-JLMIV+R-2020/commons-lang/commons-lang-3.1.udb,udb/IND-JLMIV+R-2020/commons-lang/commons-lang-3.2.udb,commons-lang-3.1,commons-lang-3.2,class
148,IND-JLMIV+R-2020,commons-lang,udb/IND-JLMIV+R-2020/commons-lang/commons-lang-3.2.udb,udb/IND-JLMIV+R-2020/commons-lang/commons-lang-3.3.udb,commons-lang-3.2,commons-lang-3.3,class
149,IND-JLMIV+R-2020,commons-lang,udb/IND-JLMIV+R-2020/commons-lang/commons-lang-3.3.udb,udb/IND-JLMIV+R-2020/commons-lang/commons-lang-3.4.udb,commons-lang-3.3,commons-lang-3.4,class
150,IND-JLMIV+R-2020,commons-lang,udb/IND-JLMIV+R-2020/commons-lang/commons-lang-3.4.udb,udb/IND-JLMIV+R-2020/commons-lang/commons-lang-3.5.udb,commons-lang-3.4,commons-lang-3.5,class
151,IND-JLMIV+R-2020,commons-lang,udb/IND-JLMIV+R-2020/commons-lang/commons-lang-3.5.udb,udb/IND-JLMIV+R-2020/commons-lang/commons-lang-3.6.udb,commons-lang-3.5,commons-lang-3.6,class
152,IND-JLMIV+R-2020,commons-lang,udb/IND-JLMIV+R-2020/commons-lang/commons-lang-3.6.udb,udb/IND-JLMIV+R-2020/commons-lang/commons-lang-3.7.udb,commons-lang-3.6,commons-lang-3.7,class
153,IND-JLMIV+R-2020,commons-math,udb/IND-JLMIV+R-2020/commons-math/commons-math-1.0.udb,udb/IND-JLMIV+R-2020/commons-math/commons-math-1.1.udb,commons-math-1.0,commons-math-1.1,class
154,IND-JLMIV+R-2020,commons-math,udb/IND-JLMIV+R-2020/commons-math/commons-math-1.1.udb,udb/IND-JLMIV+R-2020/commons-math/commons-math-1.2.udb,commons-math-1.1,commons-math-1.2,class
155,IND-JLMIV+R-2020,commons-math,udb/IND-JLMIV+R-2020/commons-math/commons-math-1.2.udb,udb/IND-JLMIV+R-2020/commons-math/commons-math-2.0.udb,commons-math-1.2,commons-math-2.0,class
156,IND-JLMIV+R-2020,commons-math,udb/IND-JLMIV+R-2020/commons-math/commons-math-2.0.udb,udb/IND-JLMIV+R-2020/commons-math/commons-math-2.1.udb,commons-math-2.0,commons-math-2.1,class
157,IND-JLMIV+R-2020,commons-math,udb/IND-JLMIV+R-2020/commons-math/commons-math-2.1.udb,udb/IND-JLMIV+R-2020/commons-math/commons-math-2.2.udb,commons-math-2.1,commons-math-2.2,class
158,IND-JLMIV+R-2020,commons-math,udb/IND-JLMIV+R-2020/commons-math/commons-math-2.2.udb,udb/IND-JLMIV+R-2020/commons-math/commons-math-3.0.udb,commons-math-2.2,commons-math-3.0,class
159,IND-JLMIV+R-2020,commons-math,udb/IND-JLMIV+R-2020/commons-math/commons-math-3.0.udb,udb/IND-JLMIV+R-2020/commons-math/commons-math-3.1.udb,commons-math-3.0,commons-math-3.1,class
160,IND-JLMIV+R-2020,commons-math,udb/IND-JLMIV+R-2020/commons-math/commons-math-3.1.udb,udb/IND-JLMIV+R-2020/commons-math/commons-math-3.2.udb,commons-math-3.1,commons-math-3.2,class
161,IND-JLMIV+R-2020,commons-math,udb/IND-JLMIV+R-2020/commons-math/commons-math-3.2.udb,udb/IND-JLMIV+R-2020/commons-math/commons-math-3.3.udb,commons-math-3.2,commons-math-3.3,class
162,IND-JLMIV+R-2020,commons-math,udb/IND-JLMIV+R-2020/commons-math/commons-math-3.3.udb,udb/IND-JLMIV+R-2020/commons-math/commons-math-3.4.udb,commons-math-3.3,commons-math-3.4,class
163,IND-JLMIV+R-2020,commons-math,udb/IND-JLMIV+R-2020/commons-math/commons-math-3.4.udb,udb/IND-JLMIV+R-2020/commons-math/commons-math-3.5.udb,commons-math-3.4,commons-math-3.5,class
164,IND-JLMIV+R-2020,commons-math,udb/IND-JLMIV+R-2020/commons-math/commons-math-3.5.udb,udb/IND-JLMIV+R-2020/commons-math/commons-math-3.6.udb,commons-math-3.5,commons-math-3.6,class
165,IND-JLMIV+R-2020,commons-net,udb/IND-JLMIV+R-2020/commons-net/commons-net-1.0.udb,udb/IND-JLMIV+R-2020/commons-net/commons-net-1.1.udb,commons-net-1.0,commons-net-1.1,class
166,IND-JLMIV+R-2020,commons-net,udb/IND-JLMIV+R-2020/commons-net/commons-net-1.1.udb,udb/IND-JLMIV+R-2020/commons-net/commons-net-1.2.udb,commons-net-1.1,commons-net-1.2,class
167,IND-JLMIV+R-2020,commons-net,udb/IND-JLMIV+R-2020/commons-net/commons-net-1.2.udb,udb/IND-JLMIV+R-2020/commons-net/commons-net-1.3.udb,commons-net-1.2,commons-net-1.3,class
168,IND-JLMIV+R-2020,commons-net,udb/IND-JLMIV+R-2020/commons-net/commons-net-1.3.udb,udb/IND-JLMIV+R-2020/commons-net/commons-net-1.4.udb,commons-net-1.3,commons-net-1.4,class
169,IND-JLMIV+R-2020,commons-net,udb/IND-JLMIV+R-2020/commons-net/commons-net-1.4.udb,udb/IND-JLMIV+R-2020/commons-net/commons-net-2.0.udb,commons-net-1.4,commons-net-2.0,class
170,IND-JLMIV+R-2020,commons-net,udb/IND-JLMIV+R-2020/commons-net/commons-net-2.0.udb,udb/IND-JLMIV+R-2020/commons-net/commons-net-2.1.udb,commons-net-2.0,commons-net-2.1,class
171,IND-JLMIV+R-2020,commons-net,udb/IND-JLMIV+R-2020/commons-net/commons-net-2.1.udb,udb/IND-JLMIV+R-2020/commons-net/commons-net-2.2.udb,commons-net-2.1,commons-net-2.2,class
172,IND-JLMIV+R-2020,commons-net,udb/IND-JLMIV+R-2020/commons-net/commons-net-2.2.udb,udb/IND-JLMIV+R-2020/commons-net/commons-net-3.0.udb,commons-net-2.2,commons-net-3.0,class
173,IND-JLMIV+R-2020,commons-net,udb/IND-JLMIV+R-2020/commons-net/commons-net-3.0.udb,udb/IND-JLMIV+R-2020/commons-net/commons-net-3.1.udb,commons-net-3.0,commons-net-3.1,class
174,IND-JLMIV+R-2020,commons-net,udb/IND-JLMIV+R-2020/commons-net/commons-net-3.1.udb,udb/IND-JLMIV+R-2020/commons-net/commons-net-3.2.udb,commons-net-3.1,commons-net-3.2,class
175,IND-JLMIV+R-2020,commons-net,udb/IND-JLMIV+R-2020/commons-net/commons-net-3.2.udb,udb/IND-JLMIV+R-2020/commons-net/commons-net-3.3.udb,commons-net-3.2,commons-net-3.3,class
176,IND-JLMIV+R-2020,commons-net,udb/IND-JLMIV+R-2020/commons-net/commons-net-3.3.udb,udb/IND-JLMIV+R-2020/commons-net/commons-net-3.4.udb,commons-net-3.3,commons-net-3.4,class
177,IND-JLMIV+R-2020,commons-net,udb/IND-JLMIV+R-2020/commons-net/commons-net-3.4.udb,udb/IND-JLMIV+R-2020/commons-net/commons-net-3.5.udb,commons-net-3.4,commons-net-3.5,class
178,IND-JLMIV+R-2020,commons-net,udb/IND-JLMIV+R-2020/commons-net/commons-net-3.5.udb,udb/IND-JLMIV+R-2020/commons-net/commons-net-3.6.udb,commons-net-3.5,commons-net-3.6,class
179,IND-JLMIV+R-2020,commons-scxml,udb/IND-JLMIV+R-2020/commons-scxml/commons-scxml-0.5.udb,udb/IND-JLMIV+R-2020/commons-scxml/commons-scxml-0.6.udb,commons-scxml-0.5,commons-scxml-0.6,class
180,IND-JLMIV+R-2020,commons-scxml,udb/IND-JLMIV+R-2020/commons-scxml/commons-scxml-0.6.udb,udb/IND-JLMIV+R-2020/commons-scxml/commons-scxml-0.7.udb,commons-scxml-0.6,commons-scxml-0.7,class
181,IND-JLMIV+R-2020,commons-scxml,udb/IND-JLMIV+R-2020/commons-scxml/commons-scxml-0.7.udb,udb/IND-JLMIV+R-2020/commons-scxml/commons-scxml-0.8.udb,commons-scxml-0.7,commons-scxml-0.8,class
182,IND-JLMIV+R-2020,commons-scxml,udb/IND-JLMIV+R-2020/commons-scxml/commons-scxml-0.8.udb,udb/IND-JLMIV+R-2020/commons-scxml/commons-scxml-0.9.udb,commons-scxml-0.8,commons-scxml-0.9,class
183,IND-JLMIV+R-2020,commons-validator,udb/IND-JLMIV+R-2020/commons-validator/commons-validator-1.0.udb,udb/IND-JLMIV+R-2020/commons-validator/commons-validator-1.1.0.udb,commons-validator-1.0,commons-validator-1.1.0,class
184,IND-JLMIV+R-2020,commons-validator,udb/IND-JLMIV+R-2020/commons-validator/commons-validator-1.1.0.udb,udb/IND-JLMIV+R-2020/commons-validator/commons-validator-1.2.0.udb,commons-validator-1.1.0,commons-validator-1.2.0,class
185,IND-JLMIV+R-2020,commons-validator,udb/IND-JLMIV+R-2020/commons-validator/commons-validator-1.2.0.udb,udb/IND-JLMIV+R-2020/commons-validator/commons-validator-1.3.0.udb,commons-validator-1.2.0,commons-validator-1.3.0,class
186,IND-JLMIV+R-2020,commons-validator,udb/IND-JLMIV+R-2020/commons-validator/commons-validator-1.3.0.udb,udb/IND-JLMIV+R-2020/commons-validator/commons-validator-1.4.0.udb,commons-validator-1.3.0,commons-validator-1.4.0,class
187,IND-JLMIV+R-2020,commons-validator,udb/IND-JLMIV+R-2020/commons-validator/commons-validator-1.4.0.udb,udb/IND-JLMIV+R-2020/commons-validator/commons-validator-1.5.0.udb,commons-validator-1.4.0,commons-validator-1.5.0,class
188,IND-JLMIV+R-2020,commons-validator,udb/IND-JLMIV+R-2020/commons-validator/commons-validator-1.5.0.udb,udb/IND-JLMIV+R-2020/commons-validator/commons-validator-1.6.0.udb,commons-validator-1.5.0,commons-validator-1.6.0,class
189,IND-JLMIV+R-2020,commons-vfs,udb/IND-JLMIV+R-2020/commons-vfs/commons-vfs-1.0.udb,udb/IND-JLMIV+R-2020/commons-vfs/commons-vfs-2.0.udb,commons-vfs-1.0,commons-vfs-2.0,class
190,IND-JLMIV+R-2020,commons-vfs,udb/IND-JLMIV+R-2020/commons-vfs/commons-vfs-2.0.udb,udb/IND-JLMIV+R-2020/commons-vfs/commons-vfs-2.1.udb,commons-vfs-2.0,commons-vfs-2.1,class
191,IND-JLMIV+R-2020,commons-vfs,udb/IND-JLMIV+R-2020/commons-vfs/commons-vfs-2.1.udb,udb/IND-JLMIV+R-2020/commons-vfs/commons-vfs-2.2.udb,commons-vfs-2.1,commons-vfs-2.2,class
192,IND-JLMIV+R-2020,deltaspike,udb/IND-JLMIV+R-2020/deltaspike/deltaspike-0.1.udb,udb/IND-JLMIV+R-2020/deltaspike/deltaspike-0.2.udb,deltaspike-0.1,deltaspike-0.2,class
193,IND-JLMIV+R-2020,deltaspike,udb/IND-JLMIV+R-2020/deltaspike/deltaspike-0.2.udb,udb/IND-JLMIV+R-2020/deltaspike/deltaspike-0.3.udb,deltaspike-0.2,deltaspike-0.3,class
194,IND-JLMIV+R-2020,deltaspike,udb/IND-JLMIV+R-2020/deltaspike/deltaspike-0.3.udb,udb/IND-JLMIV+R-2020/deltaspike/deltaspike-0.4.udb,deltaspike-0.3,deltaspike-0.4,class
195,IND-JLMIV+R-2020,deltaspike,udb/IND-JLMIV+R-2020/deltaspike/deltaspike-0.4.udb,udb/IND-JLMIV+R-2020/deltaspike/deltaspike-0.5.udb,deltaspike-0.4,deltaspike-0.5,class
196,IND-JLMIV+R-2020,deltaspike,udb/IND-JLMIV+R-2020/deltaspike/deltaspike-0.5.udb,udb/IND-JLMIV+R-2020/deltaspike/deltaspike-0.6.udb,deltaspike-0.5,deltaspike-0.6,class
197,IND-JLMIV+R-2020,deltaspike,udb/IND-JLMIV+R-2020/deltaspike/deltaspike-0.6.udb,udb/IND-JLMIV+R-2020/deltaspike/deltaspike-0.7.udb,deltaspike-0.6,deltaspike-0.7,class
198,IND-JLMIV+R-2020,deltaspike,udb/IND-JLMIV+R-2020/deltaspike/deltaspike-0.7.udb,udb/IND-JLMIV+R-2020/deltaspike/deltaspike-1.0.0.udb,deltaspike-0.7,deltaspike-1.0.0,class
199,IND-JLMIV+R-2020,deltaspike,udb/IND-JLMIV+R-2020/deltaspike/deltaspike-1.0.0.udb,udb/IND-JLMIV+R-2020/deltaspike/deltaspike-1.1.0.udb,deltaspike-1.0.0,deltaspike-1.1.0,class
200,IND-JLMIV+R-2020,deltaspike,udb/IND-JLMIV+R-2020/deltaspike/deltaspike-1.1.0.udb,udb/IND-JLMIV+R-2020/deltaspike/deltaspike-1.2.0.udb,deltaspike-1.1.0,deltaspike-1.2.0,class
201,IND-JLMIV+R-2020,deltaspike,udb/IND-JLMIV+R-2020/deltaspike/deltaspike-1.2.0.udb,udb/IND-JLMIV+R-2020/deltaspike/deltaspike-1.3.0.udb,deltaspike-1.2.0,deltaspike-1.3.0,class
202,IND-JLMIV+R-2020,deltaspike,udb/IND-JLMIV+R-2020/deltaspike/deltaspike-1.3.0.udb,udb/IND-JLMIV+R-2020/deltaspike/deltaspike-1.4.0.udb,deltaspike-1.3.0,deltaspike-1.4.0,class
203,IND-JLMIV+R-2020,deltaspike,udb/IND-JLMIV+R-2020/deltaspike/deltaspike-1.4.0.udb,udb/IND-JLMIV+R-2020/deltaspike/deltaspike-1.5.0.udb,deltaspike-1.4.0,deltaspike-1.5.0,class
204,IND-JLMIV+R-2020,deltaspike,udb/IND-JLMIV+R-2020/deltaspike/deltaspike-1.5.0.udb,udb/IND-JLMIV+R-2020/deltaspike/deltaspike-1.6.0.udb,deltaspike-1.5.0,deltaspike-1.6.0,class
205,IND-JLMIV+R-2020,deltaspike,udb/IND-JLMIV+R-2020/deltaspike/deltaspike-1.6.0.udb,udb/IND-JLMIV+R-2020/deltaspike/deltaspike-1.7.0.udb,deltaspike-1.6.0,deltaspike-1.7.0,class
206,IND-JLMIV+R-2020,deltaspike,udb/IND-JLMIV+R-2020/deltaspike/deltaspike-1.7.0.udb,udb/IND-JLMIV+R-2020/deltaspike/deltaspike-1.8.0.udb,deltaspike-1.7.0,deltaspike-1.8.0,class
207,IND-JLMIV+R-2020,eagle,udb/IND-JLMIV+R-2020/eagle/eagle-0.3.0.udb,udb/IND-JLMIV+R-2020/eagle/eagle-0.4.0.udb,eagle-0.3.0,eagle-0.4.0,class
208,IND-JLMIV+R-2020,eagle,udb/IND-JLMIV+R-2020/eagle/eagle-0.4.0.udb,udb/IND-JLMIV+R-2020/eagle/eagle-0.5.0.udb,eagle-0.4.0,eagle-0.5.0,class
209,IND-JLMIV+R-2020,giraph,udb/IND-JLMIV+R-2020/giraph/giraph-0.1.0.udb,udb/IND-JLMIV+R-2020/giraph/giraph-1.0.0.udb,giraph-0.1.0,giraph-1.0.0,class
210,IND-JLMIV+R-2020,giraph,udb/IND-JLMIV+R-2020/giraph/giraph-1.0.0.udb,udb/IND-JLMIV+R-2020/giraph/giraph-1.1.0.udb,giraph-1.0.0,giraph-1.1.0,class
211,IND-JLMIV+R-2020,gora,udb/IND-JLMIV+R-2020/gora/gora-0.1.udb,udb/IND-JLMIV+R-2020/gora/gora-0.2.udb,gora-0.1,gora-0.2,class
212,IND-JLMIV+R-2020,gora,udb/IND-JLMIV+R-2020/gora/gora-0.2.udb,udb/IND-JLMIV+R-2020/gora/gora-0.3.udb,gora-0.2,gora-0.3,class
213,IND-JLMIV+R-2020,gora,udb/IND-JLMIV+R-2020/gora/gora-0.3.udb,udb/IND-JLMIV+R-2020/gora/gora-0.4.udb,gora-0.3,gora-0.4,class
214,IND-JLMIV+R-2020,gora,udb/IND-JLMIV+R-2020/gora/gora-0.4.udb,udb/IND-JLMIV+R-2020/gora/gora-0.5.udb,gora-0.4,gora-0.5,class
215,IND-JLMIV+R-2020,gora,udb/IND-JLMIV+R-2020/gora/gora-0.5.udb,udb/IND-JLMIV+R-2020/gora/gora-0.6.udb,gora-0.5,gora-0.6,class
216,IND-JLMIV+R-2020,gora,udb/IND-JLMIV+R-2020/gora/gora-0.6.udb,udb/IND-JLMIV+R-2020/gora/gora-0.7.udb,gora-0.6,gora-0.7,class
217,IND-JLMIV+R-2020,gora,udb/IND-JLMIV+R-2020/gora/gora-0.7.udb,udb/IND-JLMIV+R-2020/gora/gora-0.8.udb,gora-0.7,gora-0.8,class
218,IND-JLMIV+R-2020,jspwiki,udb/IND-JLMIV+R-2020/jspwiki/jspwiki-1.4.0.udb,udb/IND-JLMIV+R-2020/jspwiki/jspwiki-1.5.0.udb,jspwiki-1.4.0,jspwiki-1.5.0,class
219,IND-JLMIV+R-2020,jspwiki,udb/IND-JLMIV+R-2020/jspwiki/jspwiki-1.5.0.udb,udb/IND-JLMIV+R-2020/jspwiki/jspwiki-1.6.0.udb,jspwiki-1.5.0,jspwiki-1.6.0,class
220,IND-JLMIV+R-2020,jspwiki,udb/IND-JLMIV+R-2020/jspwiki/jspwiki-1.6.0.udb,udb/IND-JLMIV+R-2020/jspwiki/jspwiki-1.7.0.udb,jspwiki-1.6.0,jspwiki-1.7.0,class
221,IND-JLMIV+R-2020,jspwiki,udb/IND-JLMIV+R-2020/jspwiki/jspwiki-1.7.0.udb,udb/IND-JLMIV+R-2020/jspwiki/jspwiki-1.8.0.udb,jspwiki-1.7.0,jspwiki-1.8.0,class
222,IND-JLMIV+R-2020,jspwiki,udb/IND-JLMIV+R-2020/jspwiki/jspwiki-1.8.0.udb,udb/IND-JLMIV+R-2020/jspwiki/jspwiki-2.0.36.udb,jspwiki-1.8.0,jspwiki-2.0.36,class
223,IND-JLMIV+R-2020,jspwiki,udb/IND-JLMIV+R-2020/jspwiki/jspwiki-2.0.36.udb,udb/IND-JLMIV+R-2020/jspwiki/jspwiki-2.10.0.udb,jspwiki-2.0.36,jspwiki-2.10.0,class
224,IND-JLMIV+R-2020,jspwiki,udb/IND-JLMIV+R-2020/jspwiki/jspwiki-2.10.0.udb,udb/IND-JLMIV+R-2020/jspwiki/jspwiki-2.2.19.udb,jspwiki-2.10.0,jspwiki-2.2.19,class
225,IND-JLMIV+R-2020,jspwiki,udb/IND-JLMIV+R-2020/jspwiki/jspwiki-2.2.19.udb,udb/IND-JLMIV+R-2020/jspwiki/jspwiki-2.4.56.udb,jspwiki-2.2.19,jspwiki-2.4.56,class
226,IND-JLMIV+R-2020,jspwiki,udb/IND-JLMIV+R-2020/jspwiki/jspwiki-2.4.56.udb,udb/IND-JLMIV+R-2020/jspwiki/jspwiki-2.6.0.udb,jspwiki-2.4.56,jspwiki-2.6.0,class
227,IND-JLMIV+R-2020,jspwiki,udb/IND-JLMIV+R-2020/jspwiki/jspwiki-2.6.0.udb,udb/IND-JLMIV+R-2020/jspwiki/jspwiki-2.8.0.udb,jspwiki-2.6.0,jspwiki-2.8.0,class
228,IND-JLMIV+R-2020,jspwiki,udb/IND-JLMIV+R-2020/jspwiki/jspwiki-2.8.0.udb,udb/IND-JLMIV+R-2020/jspwiki/jspwiki-2.9.0.udb,jspwiki-2.8.0,jspwiki-2.9.0,class
229,IND-JLMIV+R-2020,knox,udb/IND-JLMIV+R-2020/knox/knox-0.10.0.udb,udb/IND-JLMIV+R-2020/knox/knox-0.11.0.udb,knox-0.10.0,knox-0.11.0,class
230,IND-JLMIV+R-2020,knox,udb/IND-JLMIV+R-2020/knox/knox-0.11.0.udb,udb/IND-JLMIV+R-2020/knox/knox-0.12.0.udb,knox-0.11.0,knox-0.12.0,class
231,IND-JLMIV+R-2020,knox,udb/IND-JLMIV+R-2020/knox/knox-0.12.0.udb,udb/IND-JLMIV+R-2020/knox/knox-0.13.0.udb,knox-0.12.0,knox-0.13.0,class
232,IND-JLMIV+R-2020,knox,udb/IND-JLMIV+R-2020/knox/knox-0.13.0.udb,udb/IND-JLMIV+R-2020/knox/knox-0.14.0.udb,knox-0.13.0,knox-0.14.0,class
233,IND-JLMIV+R-2020,knox,udb/IND-JLMIV+R-2020/knox/knox-0.14.0.udb,udb/IND-JLMIV+R-2020/knox/knox-0.3.0.udb,knox-0.14.0,knox-0.3.0,class
234,IND-JLMIV+R-2020,knox,udb/IND-JLMIV+R-2020/knox/knox-0.3.0.udb,udb/IND-JLMIV+R-2020/knox/knox-0.4.0.udb,knox-0.3.0,knox-0.4.0,class
235,IND-JLMIV+R-2020,knox,udb/IND-JLMIV+R-2020/knox/knox-0.4.0.udb,udb/IND-JLMIV+R-2020/knox/knox-0.5.0.udb,knox-0.4.0,knox-0.5.0,class
236,IND-JLMIV+R-2020,knox,udb/IND-JLMIV+R-2020/knox/knox-0.5.0.udb,udb/IND-JLMIV+R-2020/knox/knox-0.6.0.udb,knox-0.5.0,knox-0.6.0,class
237,IND-JLMIV+R-2020,knox,udb/IND-JLMIV+R-2020/knox/knox-0.6.0.udb,udb/IND-JLMIV+R-2020/knox/knox-0.7.0.udb,knox-0.6.0,knox-0.7.0,class
238,IND-JLMIV+R-2020,knox,udb/IND-JLMIV+R-2020/knox/knox-0.7.0.udb,udb/IND-JLMIV+R-2020/knox/knox-0.8.0.udb,knox-0.7.0,knox-0.8.0,class
239,IND-JLMIV+R-2020,knox,udb/IND-JLMIV+R-2020/knox/knox-0.8.0.udb,udb/IND-JLMIV+R-2020/knox/knox-0.9.0.udb,knox-0.8.0,knox-0.9.0,class
240,IND-JLMIV+R-2020,knox,udb/IND-JLMIV+R-2020/knox/knox-0.9.0.udb,udb/IND-JLMIV+R-2020/knox/knox-1.0.0.udb,knox-0.9.0,knox-1.0.0,class
241,IND-JLMIV+R-2020,kylin,udb/IND-JLMIV+R-2020/kylin/kylin-0.6.1.udb,udb/IND-JLMIV+R-2020/kylin/kylin-0.7.1.udb,kylin-0.6.1,kylin-0.7.1,class
242,IND-JLMIV+R-2020,kylin,udb/IND-JLMIV+R-2020/kylin/kylin-0.7.1.udb,udb/IND-JLMIV+R-2020/kylin/kylin-1.0.0.udb,kylin-0.7.1,kylin-1.0.0,class
243,IND-JLMIV+R-2020,kylin,udb/IND-JLMIV+R-2020/kylin/kylin-1.0.0.udb,udb/IND-JLMIV+R-2020/kylin/kylin-1.1.0.udb,kylin-1.0.0,kylin-1.1.0,class
244,IND-JLMIV+R-2020,kylin,udb/IND-JLMIV+R-2020/kylin/kylin-1.1.0.udb,udb/IND-JLMIV+R-2020/kylin/kylin-1.2.0.udb,kylin-1.1.0,kylin-1.2.0,class
245,IND-JLMIV+R-2020,kylin,udb/IND-JLMIV+R-2020/kylin/kylin-1.2.0.udb,udb/IND-JLMIV+R-2020/kylin/kylin-1.3.0.udb,kylin-1.2.0,kylin-1.3.0,class
246,IND-JLMIV+R-2020,kylin,udb/IND-JLMIV+R-2020/kylin/kylin-1.3.0.udb,udb/IND-JLMIV+R-2020/kylin/kylin-1.5.0.udb,kylin-1.3.0,kylin-1.5.0,class
247,IND-JLMIV+R-2020,kylin,udb/IND-JLMIV+R-2020/kylin/kylin-1.5.0.udb,udb/IND-JLMIV+R-2020/kylin/kylin-1.6.0.udb,kylin-1.5.0,kylin-1.6.0,class
248,IND-JLMIV+R-2020,kylin,udb/IND-JLMIV+R-2020/kylin/kylin-1.6.0.udb,udb/IND-JLMIV+R-2020/kylin/kylin-2.0.0.udb,kylin-1.6.0,kylin-2.0.0,class
249,IND-JLMIV+R-2020,kylin,udb/IND-JLMIV+R-2020/kylin/kylin-2.0.0.udb,udb/IND-JLMIV+R-2020/kylin/kylin-2.1.0.udb,kylin-2.0.0,kylin-2.1.0,class
250,IND-JLMIV+R-2020,kylin,udb/IND-JLMIV+R-2020/kylin/kylin-2.1.0.udb,udb/IND-JLMIV+R-2020/kylin/kylin-2.2.0.udb,kylin-2.1.0,kylin-2.2.0,class
251,IND-JLMIV+R-2020,lens,udb/IND-JLMIV+R-2020/lens/lens-2.6.0.udb,udb/IND-JLMIV+R-2020/lens/lens-2.7.0.udb,lens-2.6.0,lens-2.7.0,class
252,IND-JLMIV+R-2020,mahout,udb/IND-JLMIV+R-2020/mahout/mahout-0.1.udb,udb/IND-JLMIV+R-2020/mahout/mahout-0.10.0.udb,mahout-0.1,mahout-0.10.0,class
253,IND-JLMIV+R-2020,mahout,udb/IND-JLMIV+R-2020/mahout/mahout-0.10.0.udb,udb/IND-JLMIV+R-2020/mahout/mahout-0.11.0.udb,mahout-0.10.0,mahout-0.11.0,class
254,IND-JLMIV+R-2020,mahout,udb/IND-JLMIV+R-2020/mahout/mahout-0.11.0.udb,udb/IND-JLMIV+R-2020/mahout/mahout-0.12.0.udb,mahout-0.11.0,mahout-0.12.0,class
255,IND-JLMIV+R-2020,mahout,udb/IND-JLMIV+R-2020/mahout/mahout-0.12.0.udb,udb/IND-JLMIV+R-2020/mahout/mahout-0.13.0.udb,mahout-0.12.0,mahout-0.13.0,class
256,IND-JLMIV+R-2020,mahout,udb/IND-JLMIV+R-2020/mahout/mahout-0.13.0.udb,udb/IND-JLMIV+R-2020/mahout/mahout-0.2.udb,mahout-0.13.0,mahout-0.2,class
257,IND-JLMIV+R-2020,mahout,udb/IND-JLMIV+R-2020/mahout/mahout-0.2.udb,udb/IND-JLMIV+R-2020/mahout/mahout-0.3.udb,mahout-0.2,mahout-0.3,class
258,IND-JLMIV+R-2020,mahout,udb/IND-JLMIV+R-2020/mahout/mahout-0.3.udb,udb/IND-JLMIV+R-2020/mahout/mahout-0.4.udb,mahout-0.3,mahout-0.4,class
259,IND-JLMIV+R-2020,mahout,udb/IND-JLMIV+R-2020/mahout/mahout-0.4.udb,udb/IND-JLMIV+R-2020/mahout/mahout-0.5.udb,mahout-0.4,mahout-0.5,class
260,IND-JLMIV+R-2020,mahout,udb/IND-JLMIV+R-2020/mahout/mahout-0.5.udb,udb/IND-JLMIV+R-2020/mahout/mahout-0.6.udb,mahout-0.5,mahout-0.6,class
261,IND-JLMIV+R-2020,mahout,udb/IND-JLMIV+R-2020/mahout/mahout-0.6.udb,udb/IND-JLMIV+R-2020/mahout/mahout-0.7.udb,mahout-0.6,mahout-0.7,class
262,IND-JLMIV+R-2020,mahout,udb/IND-JLMIV+R-2020/mahout/mahout-0.7.udb,udb/IND-JLMIV+R-2020/mahout/mahout-0.8.udb,mahout-0.7,mahout-0.8,class
263,IND-JLMIV+R-2020,mahout,udb/IND-JLMIV+R-2020/mahout/mahout-0.8.udb,udb/IND-JLMIV+R-2020/mahout/mahout-0.9.udb,mahout-0.8,mahout-0.9,class
264,IND-JLMIV+R-2020,manifoldcf,udb/IND-JLMIV+R-2020/manifoldcf/manifoldcf-0.1.udb,udb/IND-JLMIV+R-2020/manifoldcf/manifoldcf-0.2.udb,manifoldcf-0.1,manifoldcf-0.2,class
265,IND-JLMIV+R-2020,manifoldcf,udb/IND-JLMIV+R-2020/manifoldcf/manifoldcf-0.2.udb,udb/IND-JLMIV+R-2020/manifoldcf/manifoldcf-0.3.udb,manifoldcf-0.2,manifoldcf-0.3,class
266,IND-JLMIV+R-2020,manifoldcf,udb/IND-JLMIV+R-2020/manifoldcf/manifoldcf-0.3.udb,udb/IND-JLMIV+R-2020/manifoldcf/manifoldcf-0.4.udb,manifoldcf-0.3,manifoldcf-0.4,class
267,IND-JLMIV+R-2020,manifoldcf,udb/IND-JLMIV+R-2020/manifoldcf/manifoldcf-0.4.udb,udb/IND-JLMIV+R-2020/manifoldcf/manifoldcf-0.5.udb,manifoldcf-0.4,manifoldcf-0.5,class
268,IND-JLMIV+R-2020,manifoldcf,udb/IND-JLMIV+R-2020/manifoldcf/manifoldcf-0.5.udb,udb/IND-JLMIV+R-2020/manifoldcf/manifoldcf-0.6.udb,manifoldcf-0.5,manifoldcf-0.6,class
269,IND-JLMIV+R-2020,manifoldcf,udb/IND-JLMIV+R-2020/manifoldcf/manifoldcf-0.6.udb,udb/IND-JLMIV+R-2020/manifoldcf/manifoldcf-1.0.udb,manifoldcf-0.6,manifoldcf-1.0,class
270,IND-JLMIV+R-2020,manifoldcf,udb/IND-JLMIV+R-2020/manifoldcf/manifoldcf-1.0.udb,udb/IND-JLMIV+R-2020/manifoldcf/manifoldcf-1.1.udb,manifoldcf-1.0,manifoldcf-1.1,class
271,IND-JLMIV+R-2020,manifoldcf,udb/IND-JLMIV+R-2020/manifoldcf/manifoldcf-1.1.udb,udb/IND-JLMIV+R-2020/manifoldcf/manifoldcf-1.10.udb,manifoldcf-1.1,manifoldcf-1.10,class
272,IND-JLMIV+R-2020,manifoldcf,udb/IND-JLMIV+R-2020/manifoldcf/manifoldcf-1.10.udb,udb/IND-JLMIV+R-2020/manifoldcf/manifoldcf-1.2.udb,manifoldcf-1.10,manifoldcf-1.2,class
273,IND-JLMIV+R-2020,manifoldcf,udb/IND-JLMIV+R-2020/manifoldcf/manifoldcf-1.2.udb,udb/IND-JLMIV+R-2020/manifoldcf/manifoldcf-1.3.udb,manifoldcf-1.2,manifoldcf-1.3,class
274,IND-JLMIV+R-2020,manifoldcf,udb/IND-JLMIV+R-2020/manifoldcf/manifoldcf-1.3.udb,udb/IND-JLMIV+R-2020/manifoldcf/manifoldcf-1.4.udb,manifoldcf-1.3,manifoldcf-1.4,class
275,IND-JLMIV+R-2020,manifoldcf,udb/IND-JLMIV+R-2020/manifoldcf/manifoldcf-1.4.udb,udb/IND-JLMIV+R-2020/manifoldcf/manifoldcf-1.5.udb,manifoldcf-1.4,manifoldcf-1.5,class
276,IND-JLMIV+R-2020,manifoldcf,udb/IND-JLMIV+R-2020/manifoldcf/manifoldcf-1.5.udb,udb/IND-JLMIV+R-2020/manifoldcf/manifoldcf-1.6.udb,manifoldcf-1.5,manifoldcf-1.6,class
277,IND-JLMIV+R-2020,manifoldcf,udb/IND-JLMIV+R-2020/manifoldcf/manifoldcf-1.6.udb,udb/IND-JLMIV+R-2020/manifoldcf/manifoldcf-1.7.udb,manifoldcf-1.6,manifoldcf-1.7,class
278,IND-JLMIV+R-2020,manifoldcf,udb/IND-JLMIV+R-2020/manifoldcf/manifoldcf-1.7.udb,udb/IND-JLMIV+R-2020/manifoldcf/manifoldcf-1.8.udb,manifoldcf-1.7,manifoldcf-1.8,class
279,IND-JLMIV+R-2020,manifoldcf,udb/IND-JLMIV+R-2020/manifoldcf/manifoldcf-1.8.udb,udb/IND-JLMIV+R-2020/manifoldcf/manifoldcf-1.9.udb,manifoldcf-1.8,manifoldcf-1.9,class
280,IND-JLMIV+R-2020,manifoldcf,udb/IND-JLMIV+R-2020/manifoldcf/manifoldcf-1.9.udb,udb/IND-JLMIV+R-2020/manifoldcf/manifoldcf-2.0.udb,manifoldcf-1.9,manifoldcf-2.0,class
281,IND-JLMIV+R-2020,manifoldcf,udb/IND-JLMIV+R-2020/manifoldcf/manifoldcf-2.0.udb,udb/IND-JLMIV+R-2020/manifoldcf/manifoldcf-2.1.udb,manifoldcf-2.0,manifoldcf-2.1,class
282,IND-JLMIV+R-2020,manifoldcf,udb/IND-JLMIV+R-2020/manifoldcf/manifoldcf-2.1.udb,udb/IND-JLMIV+R-2020/manifoldcf/manifoldcf-2.10.udb,manifoldcf-2.1,manifoldcf-2.10,class
283,IND-JLMIV+R-2020,manifoldcf,udb/IND-JLMIV+R-2020/manifoldcf/manifoldcf-2.10.udb,udb/IND-JLMIV+R-2020/manifoldcf/manifoldcf-2.2.udb,manifoldcf-2.10,manifoldcf-2.2,class
284,IND-JLMIV+R-2020,manifoldcf,udb/IND-JLMIV+R-2020/manifoldcf/manifoldcf-2.2.udb,udb/IND-JLMIV+R-2020/manifoldcf/manifoldcf-2.3.udb,manifoldcf-2.2,manifoldcf-2.3,class
285,IND-JLMIV+R-2020,manifoldcf,udb/IND-JLMIV+R-2020/manifoldcf/manifoldcf-2.3.udb,udb/IND-JLMIV+R-2020/manifoldcf/manifoldcf-2.4.udb,manifoldcf-2.3,manifoldcf-2.4,class
286,IND-JLMIV+R-2020,manifoldcf,udb/IND-JLMIV+R-2020/manifoldcf/manifoldcf-2.4.udb,udb/IND-JLMIV+R-2020/manifoldcf/manifoldcf-2.5.udb,manifoldcf-2.4,manifoldcf-2.5,class
287,IND-JLMIV+R-2020,manifoldcf,udb/IND-JLMIV+R-2020/manifoldcf/manifoldcf-2.5.udb,udb/IND-JLMIV+R-2020/manifoldcf/manifoldcf-2.6.udb,manifoldcf-2.5,manifoldcf-2.6,class
288,IND-JLMIV+R-2020,manifoldcf,udb/IND-JLMIV+R-2020/manifoldcf/manifoldcf-2.6.udb,udb/IND-JLMIV+R-2020/manifoldcf/manifoldcf-2.7.udb,manifoldcf-2.6,manifoldcf-2.7,class
289,IND-JLMIV+R-2020,manifoldcf,udb/IND-JLMIV+R-2020/manifoldcf/manifoldcf-2.7.udb,udb/IND-JLMIV+R-2020/manifoldcf/manifoldcf-2.8.udb,manifoldcf-2.7,manifoldcf-2.8,class
290,IND-JLMIV+R-2020,manifoldcf,udb/IND-JLMIV+R-2020/manifoldcf/manifoldcf-2.8.udb,udb/IND-JLMIV+R-2020/manifoldcf/manifoldcf-2.9.udb,manifoldcf-2.8,manifoldcf-2.9,class
291,IND-JLMIV+R-2020,nutch,udb/IND-JLMIV+R-2020/nutch/nutch-0.7.udb,udb/IND-JLMIV+R-2020/nutch/nutch-0.8.udb,nutch-0.7,nutch-0.8,class
292,IND-JLMIV+R-2020,nutch,udb/IND-JLMIV+R-2020/nutch/nutch-0.8.udb,udb/IND-JLMIV+R-2020/nutch/nutch-0.9.udb,nutch-0.8,nutch-0.9,class
293,IND-JLMIV+R-2020,nutch,udb/IND-JLMIV+R-2020/nutch/nutch-0.9.udb,udb/IND-JLMIV+R-2020/nutch/nutch-1.0.udb,nutch-0.9,nutch-1.0,class
294,IND-JLMIV+R-2020,nutch,udb/IND-JLMIV+R-2020/nutch/nutch-1.0.udb,udb/IND-JLMIV+R-2020/nutch/nutch-1.1.udb,nutch-1.0,nutch-1.1,class
295,IND-JLMIV+R-2020,nutch,udb/IND-JLMIV+R-2020/nutch/nutch-1.1.udb,udb/IND-JLMIV+R-2020/nutch/nutch-1.10.udb,nutch-1.1,nutch-1.10,class
296,IND-JLMIV+R-2020,nutch,udb/IND-JLMIV+R-2020/nutch/nutch-1.10.udb,udb/IND-JLMIV+R-2020/nutch/nutch-1.11.udb,nutch-1.10,nutch-1.11,class
297,IND-JLMIV+R-2020,nutch,udb/IND-JLMIV+R-2020/nutch/nutch-1.11.udb,udb/IND-JLMIV+R-2020/nutch/nutch-1.12.udb,nutch-1.11,nutch-1.12,class
298,IND-JLMIV+R-2020,nutch,udb/IND-JLMIV+R-2020/nutch/nutch-1.12.udb,udb/IND-JLMIV+R-2020/nutch/nutch-1.13.udb,nutch-1.12,nutch-1.13,class
299,IND-JLMIV+R-2020,nutch,udb/IND-JLMIV+R-2020/nutch/nutch-1.13.udb,udb/IND-JLMIV+R-2020/nutch/nutch-1.14.udb,nutch-1.13,nutch-1.14,class
300,IND-JLMIV+R-2020,nutch,udb/IND-JLMIV+R-2020/nutch/nutch-1.14.udb,udb/IND-JLMIV+R-2020/nutch/nutch-1.2.udb,nutch-1.14,nutch-1.2,class
301,IND-JLMIV+R-2020,nutch,udb/IND-JLMIV+R-2020/nutch/nutch-1.2.udb,udb/IND-JLMIV+R-2020/nutch/nutch-1.3.udb,nutch-1.2,nutch-1.3,class
302,IND-JLMIV+R-2020,nutch,udb/IND-JLMIV+R-2020/nutch/nutch-1.3.udb,udb/IND-JLMIV+R-2020/nutch/nutch-1.4.udb,nutch-1.3,nutch-1.4,class
303,IND-JLMIV+R-2020,nutch,udb/IND-JLMIV+R-2020/nutch/nutch-1.4.udb,udb/IND-JLMIV+R-2020/nutch/nutch-1.5.udb,nutch-1.4,nutch-1.5,class
304,IND-JLMIV+R-2020,nutch,udb/IND-JLMIV+R-2020/nutch/nutch-1.5.udb,udb/IND-JLMIV+R-2020/nutch/nutch-1.6.udb,nutch-1.5,nutch-1.6,class
305,IND-JLMIV+R-2020,nutch,udb/IND-JLMIV+R-2020/nutch/nutch-1.6.udb,udb/IND-JLMIV+R-2020/nutch/nutch-1.7.udb,nutch-1.6,nutch-1.7,class
306,IND-JLMIV+R-2020,nutch,udb/IND-JLMIV+R-2020/nutch/nutch-1.7.udb,udb/IND-JLMIV+R-2020/nutch/nutch-1.8.udb,nutch-1.7,nutch-1.8,class
307,IND-JLMIV+R-2020,nutch,udb/IND-JLMIV+R-2020/nutch/nutch-1.8.udb,udb/IND-JLMIV+R-2020/nutch/nutch-1.9.udb,nutch-1.8,nutch-1.9,class
308,IND-JLMIV+R-2020,nutch,udb/IND-JLMIV+R-2020/nutch/nutch-1.9.udb,udb/IND-JLMIV+R-2020/nutch/nutch-2.0.udb,nutch-1.9,nutch-2.0,class
309,IND-JLMIV+R-2020,nutch,udb/IND-JLMIV+R-2020/nutch/nutch-2.0.udb,udb/IND-JLMIV+R-2020/nutch/nutch-2.1.udb,nutch-2.0,nutch-2.1,class
310,IND-JLMIV+R-2020,nutch,udb/IND-JLMIV+R-2020/nutch/nutch-2.1.udb,udb/IND-JLMIV+R-2020/nutch/nutch-2.2.udb,nutch-2.1,nutch-2.2,class
311,IND-JLMIV+R-2020,nutch,udb/IND-JLMIV+R-2020/nutch/nutch-2.2.udb,udb/IND-JLMIV+R-2020/nutch/nutch-2.3.udb,nutch-2.2,nutch-2.3,class
312,IND-JLMIV+R-2020,opennlp,udb/IND-JLMIV+R-2020/opennlp/opennlp-1.7.0.udb,udb/IND-JLMIV+R-2020/opennlp/opennlp-1.8.0.udb,opennlp-1.7.0,opennlp-1.8.0,class
313,IND-JLMIV+R-2020,parquet-mr,udb/IND-JLMIV+R-2020/parquet-mr/parquet-mr-1.0.0.udb,udb/IND-JLMIV+R-2020/parquet-mr/parquet-mr-1.1.0.udb,parquet-mr-1.0.0,parquet-mr-1.1.0,class
314,IND-JLMIV+R-2020,parquet-mr,udb/IND-JLMIV+R-2020/parquet-mr/parquet-mr-1.1.0.udb,udb/IND-JLMIV+R-2020/parquet-mr/parquet-mr-1.2.0.udb,parquet-mr-1.1.0,parquet-mr-1.2.0,class
315,IND-JLMIV+R-2020,parquet-mr,udb/IND-JLMIV+R-2020/parquet-mr/parquet-mr-1.2.0.udb,udb/IND-JLMIV+R-2020/parquet-mr/parquet-mr-1.3.0.udb,parquet-mr-1.2.0,parquet-mr-1.3.0,class
316,IND-JLMIV+R-2020,parquet-mr,udb/IND-JLMIV+R-2020/parquet-mr/parquet-mr-1.3.0.udb,udb/IND-JLMIV+R-2020/parquet-mr/parquet-mr-1.4.0.udb,parquet-mr-1.3.0,parquet-mr-1.4.0,class
317,IND-JLMIV+R-2020,parquet-mr,udb/IND-JLMIV+R-2020/parquet-mr/parquet-mr-1.4.0.udb,udb/IND-JLMIV+R-2020/parquet-mr/parquet-mr-1.5.0.udb,parquet-mr-1.4.0,parquet-mr-1.5.0,class
318,IND-JLMIV+R-2020,parquet-mr,udb/IND-JLMIV+R-2020/parquet-mr/parquet-mr-1.5.0.udb,udb/IND-JLMIV+R-2020/parquet-mr/parquet-mr-1.6.0.udb,parquet-mr-1.5.0,parquet-mr-1.6.0,class
319,IND-JLMIV+R-2020,parquet-mr,udb/IND-JLMIV+R-2020/parquet-mr/parquet-mr-1.6.0.udb,udb/IND-JLMIV+R-2020/parquet-mr/parquet-mr-1.7.0.udb,parquet-mr-1.6.0,parquet-mr-1.7.0,class
320,IND-JLMIV+R-2020,santuario-java,udb/IND-JLMIV+R-2020/santuario-java/santuario-java-1.0.0.udb,udb/IND-JLMIV+R-2020/santuario-java/santuario-java-1.2.0.udb,santuario-java-1.0.0,santuario-java-1.2.0,class
321,IND-JLMIV+R-2020,santuario-java,udb/IND-JLMIV+R-2020/santuario-java/santuario-java-1.2.0.udb,udb/IND-JLMIV+R-2020/santuario-java/santuario-java-1.4.5.udb,santuario-java-1.2.0,santuario-java-1.4.5,class
322,IND-JLMIV+R-2020,santuario-java,udb/IND-JLMIV+R-2020/santuario-java/santuario-java-1.4.5.udb,udb/IND-JLMIV+R-2020/santuario-java/santuario-java-2.0.0.udb,santuario-java-1.4.5,santuario-java-2.0.0,class
323,IND-JLMIV+R-2020,santuario-java,udb/IND-JLMIV+R-2020/santuario-java/santuario-java-2.0.0.udb,udb/IND-JLMIV+R-2020/santuario-java/santuario-java-2.1.0.udb,santuario-java-2.0.0,santuario-java-2.1.0,class
324,IND-JLMIV+R-2020,systemml,udb/IND-JLMIV+R-2020/systemml/systemml-0.10.udb,udb/IND-JLMIV+R-2020/systemml/systemml-0.11.udb,systemml-0.10,systemml-0.11,class
325,IND-JLMIV+R-2020,systemml,udb/IND-JLMIV+R-2020/systemml/systemml-0.11.udb,udb/IND-JLMIV+R-2020/systemml/systemml-0.12.udb,systemml-0.11,systemml-0.12,class
326,IND-JLMIV+R-2020,systemml,udb/IND-JLMIV+R-2020/systemml/systemml-0.12.udb,udb/IND-JLMIV+R-2020/systemml/systemml-0.13.udb,systemml-0.12,systemml-0.13,class
327,IND-JLMIV+R-2020,systemml,udb/IND-JLMIV+R-2020/systemml/systemml-0.13.udb,udb/IND-JLMIV+R-2020/systemml/systemml-0.14.udb,systemml-0.13,systemml-0.14,class
328,IND-JLMIV+R-2020,systemml,udb/IND-JLMIV+R-2020/systemml/systemml-0.14.udb,udb/IND-JLMIV+R-2020/systemml/systemml-0.15.udb,systemml-0.14,systemml-0.15,class
329,IND-JLMIV+R-2020,systemml,udb/IND-JLMIV+R-2020/systemml/systemml-0.15.udb,udb/IND-JLMIV+R-2020/systemml/systemml-0.9.udb,systemml-0.15,systemml-0.9,class
330,IND-JLMIV+R-2020,systemml,udb/IND-JLMIV+R-2020/systemml/systemml-0.9.udb,udb/IND-JLMIV+R-2020/systemml/systemml-1.0.0.udb,systemml-0.9,systemml-1.0.0,class
331,IND-JLMIV+R-2020,systemml,udb/IND-JLMIV+R-2020/systemml/systemml-1.0.0.udb,udb/IND-JLMIV+R-2020/systemml/systemml-1.1.0.udb,systemml-1.0.0,systemml-1.1.0,class
332,IND-JLMIV+R-2020,systemml,udb/IND-JLMIV+R-2020/systemml/systemml-1.1.0.udb,udb/IND-JLMIV+R-2020/systemml/systemml-1.2.0.udb,systemml-1.1.0,systemml-1.2.0,class
333,IND-JLMIV+R-2020,tika,udb/IND-JLMIV+R-2020/tika/tika-0.1.udb,udb/IND-JLMIV+R-2020/tika/tika-0.10.udb,tika-0.1,tika-0.10,class
334,IND-JLMIV+R-2020,tika,udb/IND-JLMIV+R-2020/tika/tika-0.10.udb,udb/IND-JLMIV+R-2020/tika/tika-0.2.udb,tika-0.10,tika-0.2,class
335,IND-JLMIV+R-2020,tika,udb/IND-JLMIV+R-2020/tika/tika-0.2.udb,udb/IND-JLMIV+R-2020/tika/tika-0.3.udb,tika-0.2,tika-0.3,class
336,IND-JLMIV+R-2020,tika,udb/IND-JLMIV+R-2020/tika/tika-0.3.udb,udb/IND-JLMIV+R-2020/tika/tika-0.4.udb,tika-0.3,tika-0.4,class
337,IND-JLMIV+R-2020,tika,udb/IND-JLMIV+R-2020/tika/tika-0.4.udb,udb/IND-JLMIV+R-2020/tika/tika-0.5.udb,tika-0.4,tika-0.5,class
338,IND-JLMIV+R-2020,tika,udb/IND-JLMIV+R-2020/tika/tika-0.5.udb,udb/IND-JLMIV+R-2020/tika/tika-0.6.udb,tika-0.5,tika-0.6,class
339,IND-JLMIV+R-2020,tika,udb/IND-JLMIV+R-2020/tika/tika-0.6.udb,udb/IND-JLMIV+R-2020/tika/tika-0.7.udb,tika-0.6,tika-0.7,class
340,IND-JLMIV+R-2020,tika,udb/IND-JLMIV+R-2020/tika/tika-0.7.udb,udb/IND-JLMIV+R-2020/tika/tika-0.8.udb,tika-0.7,tika-0.8,class
341,IND-JLMIV+R-2020,tika,udb/IND-JLMIV+R-2020/tika/tika-0.8.udb,udb/IND-JLMIV+R-2020/tika/tika-0.9.udb,tika-0.8,tika-0.9,class
342,IND-JLMIV+R-2020,tika,udb/IND-JLMIV+R-2020/tika/tika-0.9.udb,udb/IND-JLMIV+R-2020/tika/tika-1.0.udb,tika-0.9,tika-1.0,class
343,IND-JLMIV+R-2020,tika,udb/IND-JLMIV+R-2020/tika/tika-1.0.udb,udb/IND-JLMIV+R-2020/tika/tika-1.1.udb,tika-1.0,tika-1.1,class
344,IND-JLMIV+R-2020,tika,udb/IND-JLMIV+R-2020/tika/tika-1.1.udb,udb/IND-JLMIV+R-2020/tika/tika-1.10.udb,tika-1.1,tika-1.10,class
345,IND-JLMIV+R-2020,tika,udb/IND-JLMIV+R-2020/tika/tika-1.10.udb,udb/IND-JLMIV+R-2020/tika/tika-1.11.udb,tika-1.10,tika-1.11,class
346,IND-JLMIV+R-2020,tika,udb/IND-JLMIV+R-2020/tika/tika-1.11.udb,udb/IND-JLMIV+R-2020/tika/tika-1.12.udb,tika-1.11,tika-1.12,class
347,IND-JLMIV+R-2020,tika,udb/IND-JLMIV+R-2020/tika/tika-1.12.udb,udb/IND-JLMIV+R-2020/tika/tika-1.13.udb,tika-1.12,tika-1.13,class
348,IND-JLMIV+R-2020,tika,udb/IND-JLMIV+R-2020/tika/tika-1.13.udb,udb/IND-JLMIV+R-2020/tika/tika-1.14.udb,tika-1.13,tika-1.14,class
349,IND-JLMIV+R-2020,tika,udb/IND-JLMIV+R-2020/tika/tika-1.14.udb,udb/IND-JLMIV+R-2020/tika/tika-1.15.udb,tika-1.14,tika-1.15,class
350,IND-JLMIV+R-2020,tika,udb/IND-JLMIV+R-2020/tika/tika-1.15.udb,udb/IND-JLMIV+R-2020/tika/tika-1.16.udb,tika-1.15,tika-1.16,class
351,IND-JLMIV+R-2020,tika,udb/IND-JLMIV+R-2020/tika/tika-1.16.udb,udb/IND-JLMIV+R-2020/tika/tika-1.17.udb,tika-1.16,tika-1.17,class
352,IND-JLMIV+R-2020,tika,udb/IND-JLMIV+R-2020/tika/tika-1.17.udb,udb/IND-JLMIV+R-2020/tika/tika-1.2.udb,tika-1.17,tika-1.2,class
353,IND-JLMIV+R-2020,tika,udb/IND-JLMIV+R-2020/tika/tika-1.2.udb,udb/IND-JLMIV+R-2020/tika/tika-1.3.udb,tika-1.2,tika-1.3,class
354,IND-JLMIV+R-2020,tika,udb/IND-JLMIV+R-2020/tika/tika-1.3.udb,udb/IND-JLMIV+R-2020/tika/tika-1.4.udb,tika-1.3,tika-1.4,class
355,IND-JLMIV+R-2020,tika,udb/IND-JLMIV+R-2020/tika/tika-1.4.udb,udb/IND-JLMIV+R-2020/tika/tika-1.5.udb,tika-1.4,tika-1.5,class
356,IND-JLMIV+R-2020,tika,udb/IND-JLMIV+R-2020/tika/tika-1.5.udb,udb/IND-JLMIV+R-2020/tika/tika-1.6.udb,tika-1.5,tika-1.6,class
357,IND-JLMIV+R-2020,tika,udb/IND-JLMIV+R-2020/tika/tika-1.6.udb,udb/IND-JLMIV+R-2020/tika/tika-1.7.udb,tika-1.6,tika-1.7,class
358,IND-JLMIV+R-2020,tika,udb/IND-JLMIV+R-2020/tika/tika-1.7.udb,udb/IND-JLMIV+R-2020/tika/tika-1.8.udb,tika-1.7,tika-1.8,class
359,IND-JLMIV+R-2020,tika,udb/IND-JLMIV+R-2020/tika/tika-1.8.udb,udb/IND-JLMIV+R-2020/tika/tika-1.9.udb,tika-1.8,tika-1.9,class
360,IND-JLMIV+R-2020,wss4j,udb/IND-JLMIV+R-2020/wss4j/wss4j-1.5.0.udb,udb/IND-JLMIV+R-2020/wss4j/wss4j-1.6.0.udb,wss4j-1.5.0,wss4j-1.6.0,class
361,IND-JLMIV+R-2020,wss4j,udb/IND-JLMIV+R-2020/wss4j/wss4j-1.6.0.udb,udb/IND-JLMIV+R-2020/wss4j/wss4j-2.0.0.udb,wss4j-1.6.0,wss4j-2.0.0,class
362,IND-JLMIV+R-2020,wss4j,udb/IND-JLMIV+R-2020/wss4j/wss4j-2.0.0.udb,udb/IND-JLMIV+R-2020/wss4j/wss4j-2.1.0.udb,wss4j-2.0.0,wss4j-2.1.0,class
363,IND-JLMIV+R-2020,wss4j,udb/IND-JLMIV+R-2020/wss4j/wss4j-2.1.0.udb,udb/IND-JLMIV+R-2020/wss4j/wss4j-2.2.0.udb,wss4j-2.1.0,wss4j-2.2.0,class
364,JIRA-HA-2019,activemq,udb/JIRA-HA-2019/activemq/activemq-5.0.0.udb,udb/JIRA-HA-2019/activemq/activemq-5.1.0.udb,activemq-5.0.0,activemq-5.1.0,class
365,JIRA-HA-2019,activemq,udb/JIRA-HA-2019/activemq/activemq-5.1.0.udb,udb/JIRA-HA-2019/activemq/activemq-5.2.0.udb,activemq-5.1.0,activemq-5.2.0,class
366,JIRA-HA-2019,activemq,udb/JIRA-HA-2019/activemq/activemq-5.2.0.udb,udb/JIRA-HA-2019/activemq/activemq-5.3.0.udb,activemq-5.2.0,activemq-5.3.0,class
367,JIRA-HA-2019,activemq,udb/JIRA-HA-2019/activemq/activemq-5.3.0.udb,udb/JIRA-HA-2019/activemq/activemq-5.8.0.udb,activemq-5.3.0,activemq-5.8.0,class
368,JIRA-HA-2019,camel,udb/JIRA-HA-2019/camel/camel-1.4.0.udb,udb/JIRA-HA-2019/camel/camel-2.10.0.udb,camel-1.4.0,camel-2.10.0,class
369,JIRA-HA-2019,camel,udb/JIRA-HA-2019/camel/camel-2.10.0.udb,udb/JIRA-HA-2019/camel/camel-2.11.0.udb,camel-2.10.0,camel-2.11.0,class
370,JIRA-HA-2019,camel,udb/JIRA-HA-2019/camel/camel-2.11.0.udb,udb/JIRA-HA-2019/camel/camel-2.9.0.udb,camel-2.11.0,camel-2.9.0,class
371,JIRA-HA-2019,derby,udb/JIRA-HA-2019/derby/derby-10.2.1.6.udb,udb/JIRA-HA-2019/derby/derby-10.3.1.4.udb,derby-10.2.1.6,derby-10.3.1.4,class
372,JIRA-HA-2019,derby,udb/JIRA-HA-2019/derby/derby-10.3.1.4.udb,udb/JIRA-HA-2019/derby/derby-10.5.1.1.udb,derby-10.3.1.4,derby-10.5.1.1,class
373,JIRA-HA-2019,groovy,udb/JIRA-HA-2019/groovy/groovy-1.5.7.udb,udb/JIRA-HA-2019/groovy/groovy-1.6.BETA1.udb,groovy-1.5.7,groovy-1.6.BETA1,class
374,JIRA-HA-2019,groovy,udb/JIRA-HA-2019/groovy/groovy-1.6.BETA1.udb,udb/JIRA-HA-2019/groovy/groovy-1.6.BETA2.udb,groovy-1.6.BETA1,groovy-1.6.BETA2,class
375,JIRA-HA-2019,hbase,udb/JIRA-HA-2019/hbase/hbase-0.94.0.udb,udb/JIRA-HA-2019/hbase/hbase-0.95.0.udb,hbase-0.94.0,hbase-0.95.0,class
376,JIRA-HA-2019,hbase,udb/JIRA-HA-2019/hbase/hbase-0.95.0.udb,udb/JIRA-HA-2019/hbase/hbase-0.95.2.udb,hbase-0.95.0,hbase-0.95.2,class
377,JIRA-HA-2019,hive,udb/JIRA-HA-2019/hive/hive-0.10.0.udb,udb/JIRA-HA-2019/hive/hive-0.12.0.udb,hive-0.10.0,hive-0.12.0,class
378,JIRA-HA-2019,hive,udb/JIRA-HA-2019/hive/hive-0.12.0.udb,udb/JIRA-HA-2019/hive/hive-0.9.0.udb,hive-0.12.0,hive-0.9.0,class
379,JIRA-HA-2019,jruby,udb/JIRA-HA-2019/jruby/jruby-1.1.0.udb,udb/JIRA-HA-2019/jruby/jruby-1.4.0.udb,jruby-1.1.0,jruby-1.4.0,class
380,JIRA-HA-2019,jruby,udb/JIRA-HA-2019/jruby/jruby-1.4.0.udb,udb/JIRA-HA-2019/jruby/jruby-1.5.0.udb,jruby-1.4.0,jruby-1.5.0,class
381,JIRA-HA-2019,jruby,udb/JIRA-HA-2019/jruby/jruby-1.5.0.udb,udb/JIRA-HA-2019/jruby/jruby-1.7.0.preview1.udb,jruby-1.5.0,jruby-1.7.0.preview1,class
382,JIRA-HA-2019,lucene,udb/JIRA-HA-2019/lucene/lucene-2.3.0.udb,udb/JIRA-HA-2019/lucene/lucene-2.9.0.udb,lucene-2.3.0,lucene-2.9.0,class
383,JIRA-HA-2019,lucene,udb/JIRA-HA-2019/lucene/lucene-2.9.0.udb,udb/JIRA-HA-2019/lucene/lucene-3.0.0.udb,lucene-2.9.0,lucene-3.0.0,class
384,JIRA-HA-2019,lucene,udb/JIRA-HA-2019/lucene/lucene-3.0.0.udb,udb/JIRA-HA-2019/lucene/lucene-3.1.0.udb,lucene-3.0.0,lucene-3.1.0,class
385,JIRA-HA-2019,wicket,udb/JIRA-HA-2019/wicket/wicket-1.3.0.beta1.udb,udb/JIRA-HA-2019/wicket/wicket-1.3.0.beta2.udb,wicket-1.3.0.beta1,wicket-1.3.0.beta2,class
386,JIRA-HA-2019,wicket,udb/JIRA-HA-2019/wicket/wicket-1.3.0.beta2.udb,udb/JIRA-HA-2019/wicket/wicket-1.5.3.0.udb,wicket-1.3.0.beta2,wicket-1.5.3.0,class
387,JIRA-RA-2019,activemq,udb/JIRA-RA-2019/activemq/activemq-5.0.0.udb,udb/JIRA-RA-2019/activemq/activemq-5.1.0.udb,activemq-5.0.0,activemq-5.1.0,class
388,JIRA-RA-2019,activemq,udb/JIRA-RA-2019/activemq/activemq-5.1.0.udb,udb/JIRA-RA-2019/activemq/activemq-5.2.0.udb,activemq-5.1.0,activemq-5.2.0,class
389,JIRA-RA-2019,activemq,udb/JIRA-RA-2019/activemq/activemq-5.2.0.udb,udb/JIRA-RA-2019/activemq/activemq-5.3.0.udb,activemq-5.2.0,activemq-5.3.0,class
390,JIRA-RA-2019,activemq,udb/JIRA-RA-2019/activemq/activemq-5.3.0.udb,udb/JIRA-RA-2019/activemq/activemq-5.8.0.udb,activemq-5.3.0,activemq-5.8.0,class
391,JIRA-RA-2019,camel,udb/JIRA-RA-2019/camel/camel-1.4.0.udb,udb/JIRA-RA-2019/camel/camel-2.10.0.udb,camel-1.4.0,camel-2.10.0,class
392,JIRA-RA-2019,camel,udb/JIRA-RA-2019/camel/camel-2.10.0.udb,udb/JIRA-RA-2019/camel/camel-2.11.0.udb,camel-2.10.0,camel-2.11.0,class
393,JIRA-RA-2019,camel,udb/JIRA-RA-2019/camel/camel-2.11.0.udb,udb/JIRA-RA-2019/camel/camel-2.9.0.udb,camel-2.11.0,camel-2.9.0,class
394,JIRA-RA-2019,derby,udb/JIRA-RA-2019/derby/derby-10.2.1.6.udb,udb/JIRA-RA-2019/derby/derby-10.3.1.4.udb,derby-10.2.1.6,derby-10.3.1.4,class
395,JIRA-RA-2019,derby,udb/JIRA-RA-2019/derby/derby-10.3.1.4.udb,udb/JIRA-RA-2019/derby/derby-10.5.1.1.udb,derby-10.3.1.4,derby-10.5.1.1,class
396,JIRA-RA-2019,groovy,udb/JIRA-RA-2019/groovy/groovy-1.5.7.udb,udb/JIRA-RA-2019/groovy/groovy-1.6.BETA1.udb,groovy-1.5.7,groovy-1.6.BETA1,class
397,JIRA-RA-2019,groovy,udb/JIRA-RA-2019/groovy/groovy-1.6.BETA1.udb,udb/JIRA-RA-2019/groovy/groovy-1.6.BETA2.udb,groovy-1.6.BETA1,groovy-1.6.BETA2,class
398,JIRA-RA-2019,hbase,udb/JIRA-RA-2019/hbase/hbase-0.94.0.udb,udb/JIRA-RA-2019/hbase/hbase-0.95.0.udb,hbase-0.94.0,hbase-0.95.0,class
399,JIRA-RA-2019,hbase,udb/JIRA-RA-2019/hbase/hbase-0.95.0.udb,udb/JIRA-RA-2019/hbase/hbase-0.95.2.udb,hbase-0.95.0,hbase-0.95.2,class
400,JIRA-RA-2019,hive,udb/JIRA-RA-2019/hive/hive-0.10.0.udb,udb/JIRA-RA-2019/hive/hive-0.12.0.udb,hive-0.10.0,hive-0.12.0,class
401,JIRA-RA-2019,hive,udb/JIRA-RA-2019/hive/hive-0.12.0.udb,udb/JIRA-RA-2019/hive/hive-0.9.0.udb,hive-0.12.0,hive-0.9.0,class
402,JIRA-RA-2019,jruby,udb/JIRA-RA-2019/jruby/jruby-1.1.0.udb,udb/JIRA-RA-2019/jruby/jruby-1.4.0.udb,jruby-1.1.0,jruby-1.4.0,class
403,JIRA-RA-2019,jruby,udb/JIRA-RA-2019/jruby/jruby-1.4.0.udb,udb/JIRA-RA-2019/jruby/jruby-1.5.0.udb,jruby-1.4.0,jruby-1.5.0,class
404,JIRA-RA-2019,jruby,udb/JIRA-RA-2019/jruby/jruby-1.5.0.udb,udb/JIRA-RA-2019/jruby/jruby-1.7.0.preview1.udb,jruby-1.5.0,jruby-1.7.0.preview1,class
405,JIRA-RA-2019,lucene,udb/JIRA-RA-2019/lucene/lucene-2.3.0.udb,udb/JIRA-RA-2019/lucene/lucene-2.9.0.udb,lucene-2.3.0,lucene-2.9.0,class
406,JIRA-RA-2019,lucene,udb/JIRA-RA-2019/lucene/lucene-2.9.0.udb,udb/JIRA-RA-2019/lucene/lucene-3.0.0.udb,lucene-2.9.0,lucene-3.0.0,class
407,JIRA-RA-2019,lucene,udb/JIRA-RA-2019/lucene/lucene-3.0.0.udb,udb/JIRA-RA-2019/lucene/lucene-3.1.0.udb,lucene-3.0.0,lucene-3.1.0,class
408,JIRA-RA-2019,wicket,udb/JIRA-RA-2019/wicket/wicket-1.3.0.beta1.udb,udb/JIRA-RA-2019/wicket/wicket-1.3.0.beta2.udb,wicket-1.3.0.beta1,wicket-1.3.0.beta2,class
409,JIRA-RA-2019,wicket,udb/JIRA-RA-2019/wicket/wicket-1.3.0.beta2.udb,udb/JIRA-RA-2019/wicket/wicket-1.5.3.0.udb,wicket-1.3.0.beta2,wicket-1.5.3.0,class
410,MA-SZZ-2020,flume,udb/MA-SZZ-2020/flume/flume-1.2.0.udb,udb/MA-SZZ-2020/flume/flume-1.3.0.udb,flume-1.2.0,flume-1.3.0,class
411,MA-SZZ-2020,flume,udb/MA-SZZ-2020/flume/flume-1.3.0.udb,udb/MA-SZZ-2020/flume/flume-1.3.1.udb,flume-1.3.0,flume-1.3.1,class
412,MA-SZZ-2020,flume,udb/MA-SZZ-2020/flume/flume-1.3.1.udb,udb/MA-SZZ-2020/flume/flume-1.4.0.udb,flume-1.3.1,flume-1.4.0,class
413,MA-SZZ-2020,flume,udb/MA-SZZ-2020/flume/flume-1.4.0.udb,udb/MA-SZZ-2020/flume/flume-1.5.0.udb,flume-1.4.0,flume-1.5.0,class
414,MA-SZZ-2020,flume,udb/MA-SZZ-2020/flume/flume-1.5.0.udb,udb/MA-SZZ-2020/flume/flume-1.5.1.udb,flume-1.5.0,flume-1.5.1,class
415,MA-SZZ-2020,flume,udb/MA-SZZ-2020/flume/flume-1.5.1.udb,udb/MA-SZZ-2020/flume/flume-1.5.2.udb,flume-1.5.1,flume-1.5.2,class
416,MA-SZZ-2020,flume,udb/MA-SZZ-2020/flume/flume-1.5.2.udb,udb/MA-SZZ-2020/flume/flume-1.6.0.udb,flume-1.5.2,flume-1.6.0,class
417,MA-SZZ-2020,flume,udb/MA-SZZ-2020/flume/flume-1.6.0.udb,udb/MA-SZZ-2020/flume/flume-1.7.0.udb,flume-1.6.0,flume-1.7.0,class
418,MA-SZZ-2020,flume,udb/MA-SZZ-2020/flume/flume-1.7.0.udb,udb/MA-SZZ-2020/flume/flume-1.8.0.udb,flume-1.7.0,flume-1.8.0,class
419,MA-SZZ-2020,mahout,udb/MA-SZZ-2020/mahout/mahout-0.10.0.udb,udb/MA-SZZ-2020/mahout/mahout-0.11.0.udb,mahout-0.10.0,mahout-0.11.0,class
420,MA-SZZ-2020,mahout,udb/MA-SZZ-2020/mahout/mahout-0.11.0.udb,udb/MA-SZZ-2020/mahout/mahout-0.12.0.udb,mahout-0.11.0,mahout-0.12.0,class
421,MA-SZZ-2020,mahout,udb/MA-SZZ-2020/mahout/mahout-0.12.0.udb,udb/MA-SZZ-2020/mahout/mahout-0.13.0.udb,mahout-0.12.0,mahout-0.13.0,class
422,MA-SZZ-2020,mahout,udb/MA-SZZ-2020/mahout/mahout-0.13.0.udb,udb/MA-SZZ-2020/mahout/mahout-0.4.udb,mahout-0.13.0,mahout-0.4,class
423,MA-SZZ-2020,mahout,udb/MA-SZZ-2020/mahout/mahout-0.4.udb,udb/MA-SZZ-2020/mahout/mahout-0.5.udb,mahout-0.4,mahout-0.5,class
424,MA-SZZ-2020,mahout,udb/MA-SZZ-2020/mahout/mahout-0.5.udb,udb/MA-SZZ-2020/mahout/mahout-0.6.udb,mahout-0.5,mahout-0.6,class
425,MA-SZZ-2020,mahout,udb/MA-SZZ-2020/mahout/mahout-0.6.udb,udb/MA-SZZ-2020/mahout/mahout-0.7.udb,mahout-0.6,mahout-0.7,class
426,MA-SZZ-2020,mahout,udb/MA-SZZ-2020/mahout/mahout-0.7.udb,udb/MA-SZZ-2020/mahout/mahout-0.8.udb,mahout-0.7,mahout-0.8,class
427,MA-SZZ-2020,mahout,udb/MA-SZZ-2020/mahout/mahout-0.8.udb,udb/MA-SZZ-2020/mahout/mahout-0.9.udb,mahout-0.8,mahout-0.9,class
428,MA-SZZ-2020,maven,udb/MA-SZZ-2020/maven/maven-2.2.0.udb,udb/MA-SZZ-2020/maven/maven-2.2.1.udb,maven-2.2.0,maven-2.2.1,class
429,MA-SZZ-2020,maven,udb/MA-SZZ-2020/maven/maven-2.2.1.udb,udb/MA-SZZ-2020/maven/maven-3.0.0.udb,maven-2.2.1,maven-3.0.0,class
430,MA-SZZ-2020,maven,udb/MA-SZZ-2020/maven/maven-3.0.0.udb,udb/MA-SZZ-2020/maven/maven-3.0.1.udb,maven-3.0.0,maven-3.0.1,class
431,MA-SZZ-2020,maven,udb/MA-SZZ-2020/maven/maven-3.0.1.udb,udb/MA-SZZ-2020/maven/maven-3.0.2.udb,maven-3.0.1,maven-3.0.2,class
432,MA-SZZ-2020,maven,udb/MA-SZZ-2020/maven/maven-3.0.2.udb,udb/MA-SZZ-2020/maven/maven-3.0.3.udb,maven-3.0.2,maven-3.0.3,class
433,MA-SZZ-2020,maven,udb/MA-SZZ-2020/maven/maven-3.0.3.udb,udb/MA-SZZ-2020/maven/maven-3.0.4.udb,maven-3.0.3,maven-3.0.4,class
434,MA-SZZ-2020,maven,udb/MA-SZZ-2020/maven/maven-3.0.4.udb,udb/MA-SZZ-2020/maven/maven-3.0.5.udb,maven-3.0.4,maven-3.0.5,class
435,MA-SZZ-2020,maven,udb/MA-SZZ-2020/maven/maven-3.0.5.udb,udb/MA-SZZ-2020/maven/maven-3.1.0.udb,maven-3.0.5,maven-3.1.0,class
436,MA-SZZ-2020,maven,udb/MA-SZZ-2020/maven/maven-3.1.0.udb,udb/MA-SZZ-2020/maven/maven-3.1.1.udb,maven-3.1.0,maven-3.1.1,class
437,MA-SZZ-2020,shiro,udb/MA-SZZ-2020/shiro/shiro-1.1.0.udb,udb/MA-SZZ-2020/shiro/shiro-1.2.0.udb,shiro-1.1.0,shiro-1.2.0,class
438,MA-SZZ-2020,shiro,udb/MA-SZZ-2020/shiro/shiro-1.2.0.udb,udb/MA-SZZ-2020/shiro/shiro-1.2.1.udb,shiro-1.2.0,shiro-1.2.1,class
439,MA-SZZ-2020,shiro,udb/MA-SZZ-2020/shiro/shiro-1.2.1.udb,udb/MA-SZZ-2020/shiro/shiro-1.2.2.udb,shiro-1.2.1,shiro-1.2.2,class
440,MA-SZZ-2020,shiro,udb/MA-SZZ-2020/shiro/shiro-1.2.2.udb,udb/MA-SZZ-2020/shiro/shiro-1.2.3.udb,shiro-1.2.2,shiro-1.2.3,class
441,MA-SZZ-2020,shiro,udb/MA-SZZ-2020/shiro/shiro-1.2.3.udb,udb/MA-SZZ-2020/shiro/shiro-1.2.4.udb,shiro-1.2.3,shiro-1.2.4,class
442,MA-SZZ-2020,shiro,udb/MA-SZZ-2020/shiro/shiro-1.2.4.udb,udb/MA-SZZ-2020/shiro/shiro-1.2.5.udb,shiro-1.2.4,shiro-1.2.5,class
443,MA-SZZ-2020,shiro,udb/MA-SZZ-2020/shiro/shiro-1.2.5.udb,udb/MA-SZZ-2020/shiro/shiro-1.2.6.udb,shiro-1.2.5,shiro-1.2.6,class
444,MA-SZZ-2020,shiro,udb/MA-SZZ-2020/shiro/shiro-1.2.6.udb,udb/MA-SZZ-2020/shiro/shiro-1.3.0.udb,shiro-1.2.6,shiro-1.3.0,class
445,MA-SZZ-2020,shiro,udb/MA-SZZ-2020/shiro/shiro-1.3.0.udb,udb/MA-SZZ-2020/shiro/shiro-1.3.1.udb,shiro-1.3.0,shiro-1.3.1,class
446,MA-SZZ-2020,zeppelin,udb/MA-SZZ-2020/zeppelin/zeppelin-0.5.0.udb,udb/MA-SZZ-2020/zeppelin/zeppelin-0.5.5.udb,zeppelin-0.5.0,zeppelin-0.5.5,class
447,MA-SZZ-2020,zeppelin,udb/MA-SZZ-2020/zeppelin/zeppelin-0.5.5.udb,udb/MA-SZZ-2020/zeppelin/zeppelin-0.5.6.udb,zeppelin-0.5.5,zeppelin-0.5.6,class
448,MA-SZZ-2020,zeppelin,udb/MA-SZZ-2020/zeppelin/zeppelin-0.5.6.udb,udb/MA-SZZ-2020/zeppelin/zeppelin-0.6.0.udb,zeppelin-0.5.6,zeppelin-0.6.0,class
449,MA-SZZ-2020,zeppelin,udb/MA-SZZ-2020/zeppelin/zeppelin-0.6.0.udb,udb/MA-SZZ-2020/zeppelin/zeppelin-0.6.1.udb,zeppelin-0.6.0,zeppelin-0.6.1,class
450,MA-SZZ-2020,zeppelin,udb/MA-SZZ-2020/zeppelin/zeppelin-0.6.1.udb,udb/MA-SZZ-2020/zeppelin/zeppelin-0.6.2.udb,zeppelin-0.6.1,zeppelin-0.6.2,class
451,MA-SZZ-2020,zeppelin,udb/MA-SZZ-2020/zeppelin/zeppelin-0.6.2.udb,udb/MA-SZZ-2020/zeppelin/zeppelin-0.7.0.udb,zeppelin-0.6.2,zeppelin-0.7.0,class
452,MA-SZZ-2020,zeppelin,udb/MA-SZZ-2020/zeppelin/zeppelin-0.7.0.udb,udb/MA-SZZ-2020/zeppelin/zeppelin-0.7.1.udb,zeppelin-0.7.0,zeppelin-0.7.1,class
453,MA-SZZ-2020,zeppelin,udb/MA-SZZ-2020/zeppelin/zeppelin-0.7.1.udb,udb/MA-SZZ-2020/zeppelin/zeppelin-0.7.2.udb,zeppelin-0.7.1,zeppelin-0.7.2,class
454,MA-SZZ-2020,zeppelin,udb/MA-SZZ-2020/zeppelin/zeppelin-0.7.2.udb,udb/MA-SZZ-2020/zeppelin/zeppelin-0.7.3.udb,zeppelin-0.7.2,zeppelin-0.7.3,class
455,Metrics-Repo-2010,ant,udb/Metrics-Repo-2010/ant/ant-1.3.udb,udb/Metrics-Repo-2010/ant/ant-1.4.udb,ant-1.3,ant-1.4,class
456,Metrics-Repo-2010,ant,udb/Metrics-Repo-2010/ant/ant-1.4.udb,udb/Metrics-Repo-2010/ant/ant-1.5.udb,ant-1.4,ant-1.5,class
457,Metrics-Repo-2010,ant,udb/Metrics-Repo-2010/ant/ant-1.5.udb,udb/Metrics-Repo-2010/ant/ant-1.6.udb,ant-1.5,ant-1.6,class
458,Metrics-Repo-2010,ant,udb/Metrics-Repo-2010/ant/ant-1.6.udb,udb/Metrics-Repo-2010/ant/ant-1.7.udb,ant-1.6,ant-1.7,class
459,Metrics-Repo-2010,camel,udb/Metrics-Repo-2010/camel/camel-1.0.udb,udb/Metrics-Repo-2010/camel/camel-1.2.udb,camel-1.0,camel-1.2,class
460,Metrics-Repo-2010,camel,udb/Metrics-Repo-2010/camel/camel-1.2.udb,udb/Metrics-Repo-2010/camel/camel-1.4.udb,camel-1.2,camel-1.4,class
461,Metrics-Repo-2010,camel,udb/Metrics-Repo-2010/camel/camel-1.4.udb,udb/Metrics-Repo-2010/camel/camel-1.6.udb,camel-1.4,camel-1.6,class
462,Metrics-Repo-2010,forrest,udb/Metrics-Repo-2010/forrest/forrest-0.6.udb,udb/Metrics-Repo-2010/forrest/forrest-0.7.udb,forrest-0.6,forrest-0.7,class
463,Metrics-Repo-2010,forrest,udb/Metrics-Repo-2010/forrest/forrest-0.7.udb,udb/Metrics-Repo-2010/forrest/forrest-0.8.udb,forrest-0.7,forrest-0.8,class
464,Metrics-Repo-2010,jedit,udb/Metrics-Repo-2010/jedit/jedit-3.2.udb,udb/Metrics-Repo-2010/jedit/jedit-4.0.udb,jedit-3.2,jedit-4.0,class
465,Metrics-Repo-2010,jedit,udb/Metrics-Repo-2010/jedit/jedit-4.0.udb,udb/Metrics-Repo-2010/jedit/jedit-4.1.udb,jedit-4.0,jedit-4.1,class
466,Metrics-Repo-2010,jedit,udb/Metrics-Repo-2010/jedit/jedit-4.1.udb,udb/Metrics-Repo-2010/jedit/jedit-4.2.udb,jedit-4.1,jedit-4.2,class
467,Metrics-Repo-2010,jedit,udb/Metrics-Repo-2010/jedit/jedit-4.2.udb,udb/Metrics-Repo-2010/jedit/jedit-4.3.udb,jedit-4.2,jedit-4.3,class
468,Metrics-Repo-2010,log4j,udb/Metrics-Repo-2010/log4j/log4j-1.0.udb,udb/Metrics-Repo-2010/log4j/log4j-1.1.udb,log4j-1.0,log4j-1.1,class
469,Metrics-Repo-2010,log4j,udb/Metrics-Repo-2010/log4j/log4j-1.1.udb,udb/Metrics-Repo-2010/log4j/log4j-1.2.udb,log4j-1.1,log4j-1.2,class
470,Metrics-Repo-2010,lucene,udb/Metrics-Repo-2010/lucene/lucene-2.0.udb,udb/Metrics-Repo-2010/lucene/lucene-2.2.udb,lucene-2.0,lucene-2.2,class
471,Metrics-Repo-2010,lucene,udb/Metrics-Repo-2010/lucene/lucene-2.2.udb,udb/Metrics-Repo-2010/lucene/lucene-2.4.udb,lucene-2.2,lucene-2.4,class
472,Metrics-Repo-2010,pbeans,udb/Metrics-Repo-2010/pbeans/pbeans-1.0.udb,udb/Metrics-Repo-2010/pbeans/pbeans-2.0.udb,pbeans-1.0,pbeans-2.0,class
473,Metrics-Repo-2010,poi,udb/Metrics-Repo-2010/poi/poi-1.5.udb,udb/Metrics-Repo-2010/poi/poi-2.0.udb,poi-1.5,poi-2.0,class
474,Metrics-Repo-2010,poi,udb/Metrics-Repo-2010/poi/poi-2.0.udb,udb/Metrics-Repo-2010/poi/poi-2.5.udb,poi-2.0,poi-2.5,class
475,Metrics-Repo-2010,poi,udb/Metrics-Repo-2010/poi/poi-2.5.udb,udb/Metrics-Repo-2010/poi/poi-3.0.udb,poi-2.5,poi-3.0,class
476,Metrics-Repo-2010,synapse,udb/Metrics-Repo-2010/synapse/synapse-1.0.udb,udb/Metrics-Repo-2010/synapse/synapse-1.1.udb,synapse-1.0,synapse-1.1,class
477,Metrics-Repo-2010,synapse,udb/Metrics-Repo-2010/synapse/synapse-1.1.udb,udb/Metrics-Repo-2010/synapse/synapse-1.2.udb,synapse-1.1,synapse-1.2,class
478,Metrics-Repo-2010,velocity,udb/Metrics-Repo-2010/velocity/velocity-1.4.udb,udb/Metrics-Repo-2010/velocity/velocity-1.5.udb,velocity-1.4,velocity-1.5,class
479,Metrics-Repo-2010,velocity,udb/Metrics-Repo-2010/velocity/velocity-1.5.udb,udb/Metrics-Repo-2010/velocity/velocity-1.6.udb,velocity-1.5,velocity-1.6,class
480,Metrics-Repo-2010,xalan,udb/Metrics-Repo-2010/xalan/xalan-2.4.udb,udb/Metrics-Repo-2010/xalan/xalan-2.5.udb,xalan-2.4,xalan-2.5,class
481,Metrics-Repo-2010,xalan,udb/Metrics-Repo-2010/xalan/xalan-2.5.udb,udb/Metrics-Repo-2010/xalan/xalan-2.6.udb,xalan-2.5,xalan-2.6,class
482,Metrics-Repo-2010,xalan,udb/Metrics-Repo-2010/xalan/xalan-2.6.udb,udb/Metrics-Repo-2010/xalan/xalan-2.7.udb,xalan-2.6,xalan-2.7,class
483,Metrics-Repo-2010,xerces,udb/Metrics-Repo-2010/xerces/xerces-0.init.udb,udb/Metrics-Repo-2010/xerces/xerces-1.2.udb,xerces-0.init,xerces-1.2,class
484,Metrics-Repo-2010,xerces,udb/Metrics-Repo-2010/xerces/xerces-1.2.udb,udb/Metrics-Repo-2010/xerces/xerces-1.3.udb,xerces-1.2,xerces-1.3,class
485,Metrics-Repo-2010,xerces,udb/Metrics-Repo-2010/xerces/xerces-1.3.udb,udb/Metrics-Repo-2010/xerces/xerces-1.4.udb,xerces-1.3,xerces-1.4,class
